NLBNPIT2QDD3, Amazon Dell Fortinet Oracle
NLBNPIT2EPT9, Burberry Kering Royal Caribbean Cruises Premi Fissi Cash Collect
NLBNPIT2TQK4, Boeing Dassault Leonardo Rheinmetall Premi Fissi Cash Collect
NLBNPIT2HHH4, ERG Ferrari Leonardo Moncler Premi Fissi Cash Collect
NLBNPIT300T9, Tesla
NLBNPIT300H4, Stellantis
NLBNPIT21TB7, Step-Down Cash Collect Kla Corp C3.AI Uipath
NLBNPIT2T027, Palantir Tesla Nvidia Booster Cash Collect
NLBNPIT302Y5, Banca MPS Banco BPM Bper Banca Unicredit Protection Booster Cash Collect
NLBNPIT30333, Enel Leonardo Moncler Snam Protection Booster Cash Collect
NLBNPIT30309, Banca MPS BBVA Caixabank Societe Generale Protection Booster Cash Collect
NLBNPIT30325, Eni Generali Poste Italiane Unicredit Protection Booster Cash Collect
NLBNPIT30341, Generali Swiss Re Scor Unipol Assicurazioni Protection Booster Cash Collect
NLBNPIT30382, BP PLC Equinor Repsol TotalEnergies Protection Booster Cash Collect
NLBNPIT302V1,Unicredit Bper Intesa Sanpaolo
NLBNPIT302W9,Intesa Sanpaolo Unicredit
NLBNPIT302Z2,Intesa Sanpaolo Santander The Goldman Sachs Morgan Stanley
NLBNPIT30374,Boeing Rheinmetall Leonardo Thales
NLBNPIT30358,A2A Engie Veolia E.on
NLBNPIT303A3,Nvidia Intel Tesla Meta
NLBNPIT30150, Coherent Leonardo Thales Premi Fissi Cash Collect Callable