id,labels,parents,values
LSE,LSE,,-0.6
XETRA,XETRA,,-5.33
BORSA,BORSA,,0.82
BME,BME,,3.32
NASDAQ,NASDAQ,,-90.71
OSLO,OSLO,,-0.67
BIT,BIT,,2.15
SIX,SIX,,3.12
NYSE,NYSE,,-51.11
EPA,EPA,,-6.4
Space and Satellite Technology|NASDAQ,Space and Satellite Technology,NASDAQ,-9.49
Space and Satellite Technology|NYSE,Space and Satellite Technology,NYSE,-11.29
Banking|BIT,Banking,BIT,1.18
Social Media|NASDAQ,Social Media,NASDAQ,-2.46
Telecommunications|NASDAQ,Telecommunications,NASDAQ,-17.04
Integrated Oil and Gas|BME,Integrated Oil and Gas,BME,1.22
Oil and Gas Integrated|EPA,Oil and Gas Integrated,EPA,-1.49
Banks|BME,Banks,BME,1.76
Luxury Goods|BIT,Luxury Goods,BIT,2.68
Insurance|BIT,Insurance,BIT,1.64
Electric Utilities|BIT,Electric Utilities,BIT,-3.1
Household and Personal Products|NYSE,Household and Personal Products,NYSE,2.84
Semiconductors|EPA,Semiconductors,EPA,-4.91
Electrical Equipment|BIT,Electrical Equipment,BIT,-2.27
Banking|XETRA,Banking,XETRA,0
Travel and Leisure|NYSE,Travel and Leisure,NYSE,0.61
Beverages|BIT,Beverages,BIT,1.65
E-Commerce and Cloud|NASDAQ,E-Commerce and Cloud,NASDAQ,-1.99
Gas Utilities|BIT,Gas Utilities,BIT,-0.33
Gold Mining|NYSE,Gold Mining,NYSE,-3.53
ETF|NASDAQ,ETF,NASDAQ,-0.02
Apparel Accessories and Luxury Goods|SIX,Apparel Accessories and Luxury Goods,SIX,3.12
Renewable Energy|BIT,Renewable Energy,BIT,-1.56
Integrated Oil and Gas|LSE,Integrated Oil and Gas,LSE,-0.6
Oil and Gas|OSLO,Oil and Gas,OSLO,-0.67
Shipbuilding|BIT,Shipbuilding,BIT,4.18
Energy Equipment and Services|XETRA,Energy Equipment and Services,XETRA,-2.26
Banks|BIT,Banks,BIT,0.98
Food and Beverage|XETRA,Food and Beverage,XETRA,2.08
Semiconductors|NASDAQ,Semiconductors,NASDAQ,-17.32
Insurance|XETRA,Insurance,XETRA,1.8
Software|NASDAQ,Software,NASDAQ,-0.89
Electric Utilities|XETRA,Electric Utilities,XETRA,-2.3
Auto Manufacturers|BIT,Auto Manufacturers,BIT,3.12
ETF|NYSE,ETF,NYSE,-4.82
Asset Management|BIT,Asset Management,BIT,-0.33
Semiconductors|XETRA,Semiconductors,XETRA,-3.86
Aerospace and Defense|NASDAQ,Aerospace and Defense,NASDAQ,-14.69
Consumer Electronics|NASDAQ,Consumer Electronics,NASDAQ,1.76
Semiconductors|BIT,Semiconductors,BIT,-4.84
Oil and Gas|BIT,Oil and Gas,BIT,-0.66
Computer Hardware|NASDAQ,Computer Hardware,NASDAQ,-8.22
Electronic Equipment Instruments and Components|NYSE,Electronic Equipment Instruments and Components,NYSE,-7.49
Commodities|NYSE,Commodities,NYSE,-5.47
Automotive|XETRA,Automotive,XETRA,-0.92
Automotive|NASDAQ,Automotive,NASDAQ,-0.86
Banks|XETRA,Banks,XETRA,-0.39
Restaurants|XETRA,Restaurants,XETRA,0.05
Quantum-Computing|NASDAQ,Quantum-Computing,NASDAQ,-7.54
Internet Retail|XETRA,Internet Retail,XETRA,0.47
Pharmaceuticals|NYSE,Pharmaceuticals,NYSE,5.62
Financial Services|BIT,Financial Services,BIT,0.96
Quantum-Computing|NYSE,Quantum-Computing,NYSE,-13.81
Oil and Gas Exploration and Production|NYSE,Oil and Gas Exploration and Production,NYSE,-0.22
Emerging Markets Equity|NYSE,Emerging Markets Equity,NYSE,-1.53
Electric Utilities|BME,Electric Utilities,BME,-0.75
Technology Hardware Storage and Peripherals|NYSE,Technology Hardware Storage and Peripherals,NYSE,-5.16
Oil and Gas Integrated|NYSE,Oil and Gas Integrated,NYSE,1.24
Aerospace and Defense|BIT,Aerospace and Defense,BIT,-1.51
Diversified Financial Services|BIT,Diversified Financial Services,BIT,-1.88
Multi-line Insurance|BIT,Multi-line Insurance,BIT,2.24
Biotechnology|NASDAQ,Biotechnology,NASDAQ,-7.51
Banks-Diversified|BME,Banks-Diversified,BME,1.09
Software|NYSE,Software,NYSE,-8.1
Internet and Media|NASDAQ,Internet and Media,NASDAQ,-4.44
Banks|BORSA,Banks,BORSA,0.82
Technology|Software|NYSE,Technology,Software|NYSE,0.67
Energy|Integrated Oil and Gas|LSE,Energy,Integrated Oil and Gas|LSE,-0.6
Financials|Banks|XETRA,Financials,Banks|XETRA,-0.39
Industrials|Electrical Equipment|BIT,Industrials,Electrical Equipment|BIT,-2.27
Financials|Banks|BIT,Financials,Banks|BIT,-0.69
Energy|Oil and Gas Integrated|NYSE,Energy,Oil and Gas Integrated|NYSE,1.24
Utilities|Electric Utilities|XETRA,Utilities,Electric Utilities|XETRA,-2.3
Financials|Banking|XETRA,Financials,Banking|XETRA,0
Technology|Semiconductors|NASDAQ,Technology,Semiconductors|NASDAQ,-14.92
Consumer Discretionary|Apparel Accessories and Luxury Goods|SIX,Consumer Discretionary,Apparel Accessories and Luxury Goods|SIX,3.12
Technology|Semiconductors|XETRA,Technology,Semiconductors|XETRA,-3.86
Communication Services|Telecommunications|NASDAQ,Communication Services,Telecommunications|NASDAQ,-17.04
Communication Services|Space and Satellite Technology|NASDAQ,Communication Services,Space and Satellite Technology|NASDAQ,0
Consumer Cyclical|Luxury Goods|BIT,Consumer Cyclical,Luxury Goods|BIT,2.68
Consumer Discretionary|E-Commerce and Cloud|NASDAQ,Consumer Discretionary,E-Commerce and Cloud|NASDAQ,-1.99
Utilities|Electric Utilities|BME,Utilities,Electric Utilities|BME,-0.75
Financials|Diversified Financial Services|BIT,Financials,Diversified Financial Services|BIT,-1.88
Information Technology|Software|NASDAQ,Information Technology,Software|NASDAQ,-0.89
Financials|Banks|BME,Financials,Banks|BME,1.76
Consumer Cyclical|Auto Manufacturers|BIT,Consumer Cyclical,Auto Manufacturers|BIT,3.12
Financial|ETF|NASDAQ,Financial,ETF|NASDAQ,-0.02
Utilities|Renewable Energy|BIT,Utilities,Renewable Energy|BIT,-1.56
Energy|Oil and Gas|BIT,Energy,Oil and Gas|BIT,-0.66
Technology|Consumer Electronics|NASDAQ,Technology,Consumer Electronics|NASDAQ,1.76
Technology|Quantum-Computing|NYSE,Technology,Quantum-Computing|NYSE,-13.81
Technology|Space and Satellite Technology|NYSE,Technology,Space and Satellite Technology|NYSE,-11.29
Technology|Semiconductors|EPA,Technology,Semiconductors|EPA,-4.91
Energy|Oil and Gas Integrated|EPA,Energy,Oil and Gas Integrated|EPA,-1.49
Healthcare|Pharmaceuticals|NYSE,Healthcare,Pharmaceuticals|NYSE,5.62
Communication Services|Internet and Media|NASDAQ,Communication Services,Internet and Media|NASDAQ,-4.44
Basic Materials|Gold Mining|NYSE,Basic Materials,Gold Mining|NYSE,-3.53
Industrials|Energy Equipment and Services|XETRA,Industrials,Energy Equipment and Services|XETRA,-2.26
Industrials|Aerospace and Defense|BIT,Industrials,Aerospace and Defense|BIT,-1.51
Financial|ETF|NYSE,Financial,ETF|NYSE,-4.82
Industrials|Aerospace and Defense|NASDAQ,Industrials,Aerospace and Defense|NASDAQ,-14.69
Financial Services|Banks-Diversified|BME,Financial Services,Banks-Diversified|BME,1.09
Energy|Oil and Gas Exploration and Production|NYSE,Energy,Oil and Gas Exploration and Production|NYSE,-0.22
Technology|Computer Hardware|NASDAQ,Technology,Computer Hardware|NASDAQ,-8.22
Consumer Cyclical|Travel and Leisure|NYSE,Consumer Cyclical,Travel and Leisure|NYSE,0.61
Utilities|Electric Utilities|BIT,Utilities,Electric Utilities|BIT,-3.1
Automotive|Automotive|XETRA,Automotive,Automotive|XETRA,-0.92
ETF|Emerging Markets Equity|NYSE,ETF,Emerging Markets Equity|NYSE,-1.53
Financial|Insurance|BIT,Financial,Insurance|BIT,1.64
Financial Services|Banks|BIT,Financial Services,Banks|BIT,1.67
Energy|Oil and Gas|OSLO,Energy,Oil and Gas|OSLO,-0.67
Financials|Financial Services|BIT,Financials,Financial Services|BIT,0.96
Financials|Multi-line Insurance|BIT,Financials,Multi-line Insurance|BIT,2.24
Technology|Semiconductors|BIT,Technology,Semiconductors|BIT,-4.84
Financial Services|Insurance|XETRA,Financial Services,Insurance|XETRA,1.8
Technology|Quantum-Computing|NASDAQ,Technology,Quantum-Computing|NASDAQ,-7.54
Consumer Defensive|Household and Personal Products|NYSE,Consumer Defensive,Household and Personal Products|NYSE,2.84
Financials|Banking|BIT,Financials,Banking|BIT,1.18
Energy|Gas Utilities|BIT,Energy,Gas Utilities|BIT,-0.33
Consumer Cyclical|Restaurants|XETRA,Consumer Cyclical,Restaurants|XETRA,0.05
Financials|Asset Management|BIT,Financials,Asset Management|BIT,-0.33
Industrials|Space and Satellite Technology|NASDAQ,Industrials,Space and Satellite Technology|NASDAQ,-9.49
Communication Services|Social Media|NASDAQ,Communication Services,Social Media|NASDAQ,-2.46
Consumer Defensive|Food and Beverage|XETRA,Consumer Defensive,Food and Beverage|XETRA,2.08
Consumer Cyclical|Internet Retail|XETRA,Consumer Cyclical,Internet Retail|XETRA,0.47
Industrials|Shipbuilding|BIT,Industrials,Shipbuilding|BIT,4.18
Information Technology|Electronic Equipment Instruments and Components|NYSE,Information Technology,Electronic Equipment Instruments and Components|NYSE,-7.49
Financials|Banks|BORSA,Financials,Banks|BORSA,0.82
Consumer Goods|Beverages|BIT,Consumer Goods,Beverages|BIT,1.65
Financial|Commodities|NYSE,Financial,Commodities|NYSE,-5.47
Automotive|Automotive|NASDAQ,Automotive,Automotive|NASDAQ,-0.86
Information Technology|Semiconductors|NASDAQ,Information Technology,Semiconductors|NASDAQ,-2.4
Energy|Integrated Oil and Gas|BME,Energy,Integrated Oil and Gas|BME,1.22
Information Technology|Technology Hardware Storage and Peripherals|NYSE,Information Technology,Technology Hardware Storage and Peripherals|NYSE,-5.16
Information Technology|Software|NYSE,Information Technology,Software|NYSE,-8.77
Healthcare|Biotechnology|NASDAQ,Healthcare,Biotechnology|NASDAQ,-7.51
DBK.DE|Financials|Banks|XETRA,DBK.DE,Financials|Banks|XETRA,-0.39301994
STMMI.MI|Technology|Semiconductors|BIT,STMMI.MI,Technology|Semiconductors|BIT,-4.8403573
REP.MC|Energy|Integrated Oil and Gas|BME,REP.MC,Energy|Integrated Oil and Gas|BME,1.215419
CPR.MI|Consumer Goods|Beverages|BIT,CPR.MI,Consumer Goods|Beverages|BIT,1.6540815
ZAL.DE|Consumer Cyclical|Internet Retail|XETRA,ZAL.DE,Consumer Cyclical|Internet Retail|XETRA,0.46695098
MSFT|Information Technology|Software|NASDAQ,MSFT,Information Technology|Software|NASDAQ,1.3826053
BGN.MI|Financials|Banking|BIT,BGN.MI,Financials|Banking|BIT,1.0852666
AI|Information Technology|Software|NYSE,AI,Information Technology|Software|NYSE,-2.51642
EOAN.DE|Utilities|Electric Utilities|XETRA,EOAN.DE,Utilities|Electric Utilities|XETRA,-2.300929
G.MI|Financials|Multi-line Insurance|BIT,G.MI,Financials|Multi-line Insurance|BIT,2.2351847
LLY|Healthcare|Pharmaceuticals|NYSE,LLY,Healthcare|Pharmaceuticals|NYSE,1.08419
ISP.MI|Financials|Banks|BORSA,ISP.MI,Financials|Banks|BORSA,0.82019
RGTI|Technology|Quantum-Computing|NASDAQ,RGTI,Technology|Quantum-Computing|NASDAQ,-7.5409813
GLD|Financial|Commodities|NYSE,GLD,Financial|Commodities|NYSE,-1.9847
PRY.MI|Industrials|Electrical Equipment|BIT,PRY.MI,Industrials|Electrical Equipment|BIT,-2.270192
META|Communication Services|Social Media|NASDAQ,META,Communication Services|Social Media|NASDAQ,-2.4614375
DELL|Information Technology|Technology Hardware Storage and Peripherals|NYSE,DELL,Information Technology|Technology Hardware Storage and Peripherals|NYSE,-5.16138
ERG.MI|Utilities|Renewable Energy|BIT,ERG.MI,Utilities|Renewable Energy|BIT,-1.5625026
BP|Energy|Integrated Oil and Gas|LSE,BP,Energy|Integrated Oil and Gas|LSE,-0.604887
MBG.DE|Automotive|Automotive|XETRA,MBG.DE,Automotive|Automotive|XETRA,-0.9182224
SRG.MI|Energy|Gas Utilities|BIT,SRG.MI,Energy|Gas Utilities|BIT,-0.3257326
TTE.PA|Energy|Oil and Gas Integrated|EPA,TTE.PA,Energy|Oil and Gas Integrated|EPA,-1.4864143
MONC.MI|Consumer Cyclical|Luxury Goods|BIT,MONC.MI,Consumer Cyclical|Luxury Goods|BIT,2.681389
NVDA|Information Technology|Semiconductors|NASDAQ,NVDA,Information Technology|Semiconductors|NASDAQ,-2.4000027
AAPL|Technology|Consumer Electronics|NASDAQ,AAPL,Technology|Consumer Electronics|NASDAQ,1.7587817
UCG.MI|Financial Services|Banks|BIT,UCG.MI,Financial Services|Banks|BIT,1.6730232
EQNR|Energy|Oil and Gas|OSLO,EQNR,Energy|Oil and Gas|OSLO,-0.669077
AMZN|Consumer Discretionary|E-Commerce and Cloud|NASDAQ,AMZN,Consumer Discretionary|E-Commerce and Cloud|NASDAQ,-1.9885501
SATS|Communication Services|Space and Satellite Technology|NASDAQ,SATS,Communication Services|Space and Satellite Technology|NASDAQ,0.0
FBK.MI|Financials|Banks|BIT,FBK.MI,Financials|Banks|BIT,0.08576526
BPE.MI|Financials|Banking|BIT,BPE.MI,Financials|Banking|BIT,-0.07244443
SNDK|Technology|Semiconductors|NASDAQ,SNDK,Technology|Semiconductors|NASDAQ,-12.626629
CBK.DE|Financials|Banks|XETRA,CBK.DE,Financials|Banks|XETRA,0.0
PL|Technology|Space and Satellite Technology|NYSE,PL,Technology|Space and Satellite Technology|NYSE,-11.2851
FTNT|Information Technology|Software|NASDAQ,FTNT,Information Technology|Software|NASDAQ,-2.2673368
OXY|Energy|Oil and Gas Exploration and Production|NYSE,OXY,Energy|Oil and Gas Exploration and Production|NYSE,-0.223171
DHER.DE|Consumer Cyclical|Restaurants|XETRA,DHER.DE,Consumer Cyclical|Restaurants|XETRA,0.05238465
CL|Consumer Defensive|Household and Personal Products|NYSE,CL,Consumer Defensive|Household and Personal Products|NYSE,2.84246
CABK.MC|Financial Services|Banks-Diversified|BME,CABK.MC,Financial Services|Banks-Diversified|BME,1.0940051
COHR|Information Technology|Electronic Equipment Instruments and Components|NYSE,COHR,Information Technology|Electronic Equipment Instruments and Components|NYSE,-7.48881
EWZ|ETF|Emerging Markets Equity|NYSE,EWZ,ETF|Emerging Markets Equity|NYSE,-1.53289
STMPA.PA|Technology|Semiconductors|EPA,STMPA.PA,Technology|Semiconductors|EPA,-4.9082866
CFR|Consumer Discretionary|Apparel Accessories and Luxury Goods|SIX,CFR,Consumer Discretionary|Apparel Accessories and Luxury Goods|SIX,3.12165
IONQ|Technology|Quantum-Computing|NYSE,IONQ,Technology|Quantum-Computing|NYSE,-6.42495
ALV|Financial Services|Insurance|XETRA,ALV,Financial Services|Insurance|XETRA,1.79997
CVX|Energy|Oil and Gas Integrated|NYSE,CVX,Energy|Oil and Gas Integrated|NYSE,1.24449
PFE|Healthcare|Pharmaceuticals|NYSE,PFE,Healthcare|Pharmaceuticals|NYSE,1.28928
KLAC|Technology|Semiconductors|NASDAQ,KLAC,Technology|Semiconductors|NASDAQ,-2.2850802
ASTS|Communication Services|Telecommunications|NASDAQ,ASTS,Communication Services|Telecommunications|NASDAQ,-17.041168
HFG.DE|Consumer Defensive|Food and Beverage|XETRA,HFG.DE,Consumer Defensive|Food and Beverage|XETRA,2.0756314
AU|Basic Materials|Gold Mining|NYSE,AU,Basic Materials|Gold Mining|NYSE,-3.5254
QBTS|Technology|Quantum-Computing|NYSE,QBTS,Technology|Quantum-Computing|NYSE,-7.38916
MRK|Healthcare|Pharmaceuticals|NYSE,MRK,Healthcare|Pharmaceuticals|NYSE,3.25216
ENEL.MI|Utilities|Electric Utilities|BIT,ENEL.MI,Utilities|Electric Utilities|BIT,-1.5741819
SLV|Financial|Commodities|NYSE,SLV,Financial|Commodities|NYSE,-3.48592
GOOGL|Communication Services|Internet and Media|NASDAQ,GOOGL,Communication Services|Internet and Media|NASDAQ,-4.43762
RCL|Consumer Cyclical|Travel and Leisure|NYSE,RCL,Consumer Cyclical|Travel and Leisure|NYSE,0.609234
TSLA|Automotive|Automotive|NASDAQ,TSLA,Automotive|Automotive|NASDAQ,-0.86193633
EWY|Financial|ETF|NYSE,EWY,Financial|ETF|NYSE,-4.82405
RKLB|Industrials|Aerospace and Defense|NASDAQ,RKLB,Industrials|Aerospace and Defense|NASDAQ,-11.614171
PATH|Technology|Software|NYSE,PATH,Technology|Software|NYSE,0.669455
BMPS.MI|Financials|Banks|BIT,BMPS.MI,Financials|Banks|BIT,-0.78465694
MRNA|Healthcare|Biotechnology|NASDAQ,MRNA,Healthcare|Biotechnology|NASDAQ,-7.5131774
ENI.MI|Energy|Oil and Gas|BIT,ENI.MI,Energy|Oil and Gas|BIT,-0.6588207
UNI.MI|Financial|Insurance|BIT,UNI.MI,Financial|Insurance|BIT,1.643732
A2A.MI|Utilities|Electric Utilities|BIT,A2A.MI,Utilities|Electric Utilities|BIT,-1.5312638
BBVA.MC|Financials|Banks|BME,BBVA.MC,Financials|Banks|BME,1.7559717
BAMI.MI|Financials|Banking|BIT,BAMI.MI,Financials|Banking|BIT,0.16098243
LDO.MI|Industrials|Aerospace and Defense|BIT,LDO.MI,Industrials|Aerospace and Defense|BIT,-1.5088314
NEXI.MI|Financials|Financial Services|BIT,NEXI.MI,Financials|Financial Services|BIT,0.96153754
ELE.MC|Utilities|Electric Utilities|BME,ELE.MC,Utilities|Electric Utilities|BME,-0.7530101
IFX.DE|Technology|Semiconductors|XETRA,IFX.DE,Technology|Semiconductors|XETRA,-3.8627226
FCT.MI|Industrials|Shipbuilding|BIT,FCT.MI,Industrials|Shipbuilding|BIT,4.1839285
RACE.MI|Consumer Cyclical|Auto Manufacturers|BIT,RACE.MI,Consumer Cyclical|Auto Manufacturers|BIT,1.4886811
ENR.DE|Industrials|Energy Equipment and Services|XETRA,ENR.DE,Industrials|Energy Equipment and Services|XETRA,-2.2604725
CBK.DE|Financials|Banking|XETRA,CBK.DE,Financials|Banking|XETRA,0.0
MCHI|Financial|ETF|NASDAQ,MCHI,Financial|ETF|NASDAQ,-0.018471165
SMCI|Technology|Computer Hardware|NASDAQ,SMCI,Technology|Computer Hardware|NASDAQ,-8.218665
PST.MI|Financials|Diversified Financial Services|BIT,PST.MI,Financials|Diversified Financial Services|BIT,-1.8767729
ORCL|Information Technology|Software|NYSE,ORCL,Information Technology|Software|NYSE,-6.24953
AZM.MI|Financials|Asset Management|BIT,AZM.MI,Financials|Asset Management|BIT,-0.32600582
SPCX|Industrials|Aerospace and Defense|NASDAQ,SPCX,Industrials|Aerospace and Defense|NASDAQ,-3.0753336
LUNR|Industrials|Space and Satellite Technology|NASDAQ,LUNR,Industrials|Space and Satellite Technology|NASDAQ,-9.494954
STLAM.MI|Consumer Cyclical|Auto Manufacturers|BIT,STLAM.MI,Consumer Cyclical|Auto Manufacturers|BIT,1.6260184
