issuer_name;specialization;geo_region;issuer_rating_description;issuer_rating_class;ingestion_ts;website
Citigroup;Financial Services and Structured Products;US;Rating S&P: A- del 29/11/2011;A-;2026-07-08 00:00:00 UTC;https://it.citifirst.com/
Vontobel;Investment Banking and Wealth Management, Structured Products;Switzerland;Rating Moody: A3 del 21/05/2015;A3;2026-07-08 00:00:00 UTC;https://certificati.vontobel.com
Leonteq Securities AG;Structured Products;Switzerland;Rating Fitch: BBB del 23/10/2023;BBB;2026-07-08 00:00:00 UTC;https://certificati.leonteq.com/
Mediobanca;Investment Banking;Italy;"Rating S&P's: BBB del 30/10/2018;Rating Moody's: Baa1 del 23/10/2018;Rating Fitch: BBB del 27/04/2017";Investment Grade;N/A;https://www.mediobanca.com/it/prodotti-emessi/certificati/index.html
EFG International Finance (Guernsey) Ltd.;Financial Services;Guernsey;Guaranteed by EFG International AG, Zurich;Investment Grade;N/A;N/A
Marex Financial;Financial Services and derivatives;United Kingdom;Rating S&P: BBB del 01/07/2021;BBB;2026-07-08 00:00:00 UTC;https://certificati.marex.com/it/
Unicredit SpA;Investment Banking and Structured Products;Italy;Rating S&P: BBB+ del 06/11/2018;BBB+;2026-07-08 00:00:00 UTC;https://www.onemarkets.it/
BNP Paribas S.A.;Investment Banking and Structured Products;France;Rating S&P: A del 04/07/2018;A;2026-07-08 00:00:00 UTC;https://investimenti.bnpparibas.it/
Barclays;Investment Banking and Structured Products;UK;Rating S&P: A+ del 19/05/2023;A+;2026-07-08 00:00:00 UTC;https://derivatives.cib.barclays/
