certificate_isin;certificate_name;stock_name;stock_google_finance_ticker;stock_exchange;stock_isin;stock_industry;stock_sector
NLBNPIT30630;Low Barrier Cash Collect Memory Step Down on SpaceX, Alphabet, Apple, Amazon;Apple Inc;NASDAQ:AAPL;NASDAQ;US0378331005;Consumer Electronics;Technology
NLBNPIT30630;Low Barrier Cash Collect Memory Step Down on SpaceX, Alphabet, Apple, Amazon;Amazon.com Inc;NASDAQ:AMZN;NASDAQ;US0231351067;E-Commerce and Cloud;Consumer Discretionary
NLBNPIT30630;Low Barrier Cash Collect Memory Step Down on SpaceX, Alphabet, Apple, Amazon;Alphabet Inc;NASDAQ:GOOGL;NASDAQ;US02079K3059;Internet and Media;Communication Services
NLBNPIT30630;Low Barrier Cash Collect Memory Step Down on SpaceX, Alphabet, Apple, Amazon;Space Exploration Technologies Corp;NASDAQ:SPCX;NASDAQ;US84615Q1031;Aerospace and Defense;Industrials
DE000VY8DKW4;Memory Cash Collect Express Certificate su Leonardo, Rocket Lab Corp, Space Exploration Technologies Corporation, STMicroelectronics (Quanto EUR);Leonardo S.p.A.;BIT:LDO;BIT;IT0003856405;Aerospace and Defense;Industrials
DE000VY8DKW4;Memory Cash Collect Express Certificate su Leonardo, Rocket Lab Corp, Space Exploration Technologies Corporation, STMicroelectronics (Quanto EUR);Rocket Lab USA, Inc.;NASDAQ:RKLB;Nasdaq Global Select Market;US7731211089;Aerospace and Defense;Industrials
DE000VY8DKW4;Memory Cash Collect Express Certificate su Leonardo, Rocket Lab Corp, Space Exploration Technologies Corporation, STMicroelectronics (Quanto EUR);STMicroelectronics N.V.;EPA:STM;EPA;NL0000226223;Semiconductors;Technology
XS3183914327;Worst-of European Barrier Autocallable Equity Linked Securities linked to a Basket of Shares due 16 July 2029;Leonardo S.p.A.;BIT:LDO;BIT;IT0003856405;Aerospace and Defense;Industrials
XS3183914327;Worst-of European Barrier Autocallable Equity Linked Securities linked to a Basket of Shares due 16 July 2029;STMicroelectronics N.V.;BIT:STMMI;BIT;NL0000226223;Semiconductors;Technology
XS3183914327;Worst-of European Barrier Autocallable Equity Linked Securities linked to a Basket of Shares due 16 July 2029;Infineon Technologies AG;ETR:IFX;XETRA (Frankfurt Stock Exchange);DE0006231004;Semiconductors;Technology
XS3183914327;Worst-of European Barrier Autocallable Equity Linked Securities linked to a Basket of Shares due 16 July 2029;Commerzbank AG;ETR:CBK;XETRA (Frankfurt Stock Exchange);DE000CBK1001;Banking;Financials
CH1453363280;Certificato Express in EUR su IonQ-Low Strike Softcallable;IonQ Inc;NYSE:IONQ;NYSE American LLC;US46222L1089;Quantum Computing;Technology
DE000UN4LA23;Cash Collect Memory su Basket Worst Of (Deutsche Bank, Banca MPS, Stellantis);Deutsche Bank AG;ETR:DBK;Xetra;DE0005140008;Banks;Financials
DE000UN4LA23;Cash Collect Memory su Basket Worst Of (Deutsche Bank, Banca MPS, Stellantis);Banca Monte dei Paschi di Siena S.p.A.;BIT:BMPS;BIT;IT0005218752;Banks;Financials
DE000UN4LA23;Cash Collect Memory su Basket Worst Of (Deutsche Bank, Banca MPS, Stellantis);Stellantis N.V.;BIT:STLAM;BIT;NL00150001Q9;Auto Manufacturers;Consumer Cyclical
DE000VH68M19;Multi Cash Collect Certificate con Barriera su D-Wave Quantum Inc., IonQ Inc., Rigetti Computing Inc.;D-Wave Quantum Inc.;NYSE:QBTS;NYSE;US26740W1099;Quantum Computing;Technology
DE000VH68M19;Multi Cash Collect Certificate con Barriera su D-Wave Quantum Inc., IonQ Inc., Rigetti Computing Inc.;IonQ Inc.;NYSE:IONQ;NYSE;US46222L1089;Quantum Computing;Technology
DE000VH68M19;Multi Cash Collect Certificate con Barriera su D-Wave Quantum Inc., IonQ Inc., Rigetti Computing Inc.;Rigetti Computing Inc.;NASDAQ:RGTI;NASDAQ;US76655K1034;Quantum Computing;Technology
DE000VJ41289;Memory Cash Collect Express Certificate su Banca Popolare dell'Emilia Romagna, Banco BPM, Commerzbank, Monte dei Paschi di Siena;BPER Banca S.p.A.;BIT:BPE;BIT;IT0000066123;Banking;Financials
DE000VJ41289;Memory Cash Collect Express Certificate su Banca Popolare dell'Emilia Romagna, Banco BPM, Commerzbank, Monte dei Paschi di Siena;Banca Monte dei Paschi di Siena S.p.A.;BIT:BMPS;BIT;IT0005508921;Banking;Financials
DE000VJ41289;Memory Cash Collect Express Certificate su Banca Popolare dell'Emilia Romagna, Banco BPM, Commerzbank, Monte dei Paschi di Siena;Banco BPM S.p.A.;BIT:BAMI;BIT;IT0005218380;Banking;Financials
DE000VJ41289;Memory Cash Collect Express Certificate su Banca Popolare dell'Emilia Romagna, Banco BPM, Commerzbank, Monte dei Paschi di Siena;Commerzbank AG;ETR:CBK;XETRA;DE000CBK1001;Banking;Financials
IT0006776154;12m Wof Memory Phoenix Autocall on Stellantis NV (STLAM IM Equity), STMicroelectronics NV (STMPA FP Equity), Banca Monte dei Paschi di Sien (BMPS IM Equity), Prysmian SpA (PRY IM Equity) in EUR;Stellantis NV;BIT:STLAM;BIT;NL00150001Q9;Automobiles;Consumer Discretionary
IT0006776154;12m Wof Memory Phoenix Autocall on Stellantis NV (STLAM IM Equity), STMicroelectronics NV (STMPA FP Equity), Banca Monte dei Paschi di Sien (BMPS IM Equity), Prysmian SpA (PRY IM Equity) in EUR;STMicroelectronics NV;EPA:STMPA;EPA;NL0000226223;Semiconductors;Information Technology
IT0006776154;12m Wof Memory Phoenix Autocall on Stellantis NV (STLAM IM Equity), STMicroelectronics NV (STMPA FP Equity), Banca Monte dei Paschi di Sien (BMPS IM Equity), Prysmian SpA (PRY IM Equity) in EUR;Banca Monte dei Paschi di Siena S.p.A.;BIT:BMPS;BIT;IT0005508921;Banking;Financials
IT0006776154;12m Wof Memory Phoenix Autocall on Stellantis NV (STLAM IM Equity), STMicroelectronics NV (STMPA FP Equity), Banca Monte dei Paschi di Sien (BMPS IM Equity), Prysmian SpA (PRY IM Equity) in EUR;Prysmian SpA;BIT:PRY;BIT;IT0004176001;Electrical Equipment;Industrials
NLBNPIT304Q7;12 Premi Fissi Cash Collect Step Down;Alphabet Inc;NASDAQ:GOOGL;NASDAQ;US02079K3059;Internet Content and Information;Communication Services
NLBNPIT304Q7;12 Premi Fissi Cash Collect Step Down;Microsoft Corp;NASDAQ:MSFT;NASDAQ;US5949181045;Software;Information Technology
NLBNPIT304Q7;12 Premi Fissi Cash Collect Step Down;C3.ai Inc;NYSE:AI;NYSE;US12468P1049;Software;Information Technology
NLBNPIT304V7;Cash Collect Memory Callable su Basket Worst Of (Eurostoxx Banks, S&P 500, Nikkei 225, Nasdaq 100);EURO STOXX Banks Index;STOXX:SX7E;STOXX;N/A;Banking;Financials
NLBNPIT304V7;Cash Collect Memory Callable su Basket Worst Of (Eurostoxx Banks, S&P 500, Nikkei 225, Nasdaq 100);S&P 500 Index;INDEXSP:.INX;CBOE;N/A;N/A;N/A
NLBNPIT304V7;Cash Collect Memory Callable su Basket Worst Of (Eurostoxx Banks, S&P 500, Nikkei 225, Nasdaq 100);Nasdaq 100 Index;NVDA:NASDAQ;NASDAQ;N/A;N/A;N/A
NLBNPIT304Z8;EURO STOXX 50, FTSE MIB Index, Kospi 200, Nikkei 225 Memory Cash Collect;Euro Stoxx 50;SX5E;N/A;EU0009658145;Indices;Finance
NLBNPIT304Z8;EURO STOXX 50, FTSE MIB Index, Kospi 200, Nikkei 225 Memory Cash Collect;FTSE MIB;FTSEMIB;N/A;GB00BNNLHW18;Indices;Finance
NLBNPIT304Z8;EURO STOXX 50, FTSE MIB Index, Kospi 200, Nikkei 225 Memory Cash Collect;Nikkei 225;NKY;N/A;JP9010C00002;Indices;Finance
NLBNPIT304Z8;EURO STOXX 50, FTSE MIB Index, Kospi 200, Nikkei 225 Memory Cash Collect;KOSPI 200 Index;KOSPI2;N/A;KRD020020008;Indices;Finance
XS3052742759;Worst-of European Barrier Autocallable Equity Linked Securities linked to a Basket of Shares due 10 July 2028;Commerzbank AG;FRA:CBK;XETRA (Frankfurt Stock Exchange);DE000CBK1001;Banks;Financials
XS3052742759;Worst-of European Barrier Autocallable Equity Linked Securities linked to a Basket of Shares due 10 July 2028;Intesa Sanpaolo;BIT:ISP;Borsa Italiana S.p.A;IT0000072618;Banks;Financials
XS3052742759;Worst-of European Barrier Autocallable Equity Linked Securities linked to a Basket of Shares due 10 July 2028;Banco Bilbao Vizcaya Argentaria (BBVA);BME:BBVA;BME;ES0113211835;Banks;Financials
XS3052742759;Worst-of European Barrier Autocallable Equity Linked Securities linked to a Basket of Shares due 10 July 2028;Banca Monte dei Paschi di Siena;BIT:BMPS;Borsa Italiana S.p.A;IT0005508921;Banks;Financials
DE000HC3UPZ5;Cash Collect Protetto su Intesa Sanpaolo S.p.A.;Intesa Sanpaolo S.p.A.;BIT:ISP;BIT;IT0000072618;N/A;N/A
IT0006771353;IT0006771353;Intel;NASDAQ:INTC;NASDAQ;N/A;N/A;N/A
IT0006771353;IT0006771353;Broadcom;NASDAQ:AVGO;NASDAQ;N/A;N/A;N/A
IT0006771353;IT0006771353;STMicroelectronics;EPA:STM;EPA;N/A;N/A;N/A
IT0006771353;IT0006771353;Advanced Micro Devices;NASDAQ:AMD;NASDAQ;N/A;N/A;N/A
NLBNPIT302Z2;Cash Collect Protection Booster (ISP, SAN, GS, MS);Goldman Sachs;NYSE:GS;N/A;N/A;N/A;N/A
NLBNPIT302Z2;Cash Collect Protection Booster (ISP, SAN, GS, MS);Intesa Sanpaolo;BIT:ISP;N/A;N/A;N/A;N/A
NLBNPIT302Z2;Cash Collect Protection Booster (ISP, SAN, GS, MS);Banco Santander;BME:SAN;N/A;N/A;N/A;N/A
NLBNPIT302Z2;Cash Collect Protection Booster (ISP, SAN, GS, MS);Morgan Stanley;NYSE:MS;N/A;N/A;N/A;N/A
NLBNPIT30374;Cash Collect Protection Booster (The Boeing Co, Rheinmetall AG, Leonardo SpA, Thales SA);Leonardo;BIT:LDO;N/A;N/A;N/A;N/A
NLBNPIT30374;Cash Collect Protection Booster (The Boeing Co, Rheinmetall AG, Leonardo SpA, Thales SA);Boeing;NYSE:BA;N/A;N/A;N/A;N/A
NLBNPIT30374;Cash Collect Protection Booster (The Boeing Co, Rheinmetall AG, Leonardo SpA, Thales SA);Rheinmetall;ETR:RHM;N/A;N/A;N/A;N/A
NLBNPIT30374;Cash Collect Protection Booster (The Boeing Co, Rheinmetall AG, Leonardo SpA, Thales SA);Thales;EPA:HO;N/A;N/A;N/A;N/A
NLBNPIT21T57;Cash Collect Step Down 95% (Mercedes-Benz Group AG, Ford Motor Co, Tesla Inc);Mercedes-Benz Group AG;MBG;XETRA;DE0007100000;Automotive;Automotive
NLBNPIT21T57;Cash Collect Step Down 95% (Mercedes-Benz Group AG, Ford Motor Co, Tesla Inc);Ford Motor Co;PLTR:NYSE;NYSE;US3453708600;Automotive;Automotive
NLBNPIT21T57;Cash Collect Step Down 95% (Mercedes-Benz Group AG, Ford Motor Co, Tesla Inc);Tesla Inc;NASDAQ:TSLA;NASDAQ;US88160R1014;Automotive;Automotive
CH1550424670;Target One Autocallable (Anglogold Ashanti ADR, Colgate-Palmolive, Moderna);Anglogold Ashanti ADR;AU;NYSE;GB00BRXH2664;Gold Mining;Basic Materials
NLBNPIT2EPV5;12 Premi Fissi Cash Collect Step Down 95% (NVIDIA, MSFT, AMZN, META);Meta Platforms Inc;NASDAQ:META;NASDAQ;US30303M1027;Social Media;Communication Services
NLBNPIT2SP93;12 Premi Fissi Cash Collect Step Down 95% (META, GOOGL, AMD, AMZN);Meta Platforms Inc;NASDAQ:META;NASDAQ;US30303M1027;Internet Content and Information;Communication Services
NLBNPIT2SP93;12 Premi Fissi Cash Collect Step Down 95% (META, GOOGL, AMD, AMZN);Alphabet Inc;NASDAQ:GOOGL;NASDAQ;US02079K3059;Internet Content and Information;Communication Services
NLBNPIT303A3;Cash Collect Protection Booster (NVIDIA, Intel, Tesla, Meta);Meta Platforms Inc.;NASDAQ:META;NASDAQ;US30303M1027;Internet Content and Information;Communication Services
CH1550424647;Twin-Win Certificate in EUR on Ferrari, Hermès, Kering (RACE, RMS, KER);FERRARI NV;BIT:RACE;BIT;NL0011585146;Auto Manufacturers;Consumer Cyclical
CH1550424647;Twin-Win Certificate in EUR on Ferrari, Hermès, Kering (RACE, RMS, KER);HERMES INTERNATIONAL;RMS;EPA;FR0000052292;Luxury Goods;Consumer Cyclical
CH1550424647;Twin-Win Certificate in EUR on Ferrari, Hermès, Kering (RACE, RMS, KER);KERING;EPA:KER;EPA;FR0000121485;Luxury Goods;Consumer Cyclical
DE000VG656A7;Memory Express Certificate on Delivery Hero (DHER.DE), Zalando (ZAL.DE), and HelloFresh (HFG.DE);Zalando SE;ZAL.DE;XETRA;DE000ZAL1F18;Internet Retail;Consumer Cyclical
DE000VG656A7;Memory Express Certificate on Delivery Hero (DHER.DE), Zalando (ZAL.DE), and HelloFresh (HFG.DE);Delivery Hero SE;DHER.DE;XETRA;DE000A2E4K43;Restaurants;Consumer Cyclical
DE000VH30021;Memory Express Zertifikat auf Allianz, AXA, Zurich Insurance (ALV, CS, ZURN);Moncler;BIT:MONC;BIT;IT0004965148;Luxury Goods;Consumer Cyclical
IT0006772583;12m Wof Memory Phoenix Autocall on Tesla Inc (TSLA), Intel Corp (INTC), Micron Technology Inc (MU), Oracle Corp (ORCL) in EUR;Tesla;NASDAQ:TSLA;NASDAQ;US88160R1014;Auto Manufacturers;Consumer Cyclical
NLBNPIT2EPT9;12 Premi Fissi Cash Collect Step Down 95% (KER, RCL, BRBY);Royal Caribbean Cruises Ltd;RCL;NYSE;LR0008862868;Travel and Leisure;Consumer Cyclical
NLBNPIT2EPT9;12 Premi Fissi Cash Collect Step Down 95% (KER, RCL, BRBY);Burberry Group PLC;LON:BRBY;LSE;GB0031743007;Luxury Goods;Consumer Cyclical
NLBNPIT2EPT9;12 Premi Fissi Cash Collect Step Down 95% (KER, RCL, BRBY);Kering SA;EPA:KER;EPA;FR0000121485;Luxury Goods;Consumer Cyclical
NLBNPIT2HHH4;12 Premi Fissi Cash Collect Step Down 95% (Leonardo SpA, ERG SpA, Ferrari NV, Moncler SpA);Moncler;BIT:MONC;BIT;IT0004965148;Luxury Goods;Consumer Cyclical
NLBNPIT2HHH4;12 Premi Fissi Cash Collect Step Down 95% (Leonardo SpA, ERG SpA, Ferrari NV, Moncler SpA);Ferrari;BIT:RACE;BIT;NL0011585146;Auto Manufacturers;Consumer Cyclical
NLBNPIT2SP93;12 Premi Fissi Cash Collect Step Down 95% (META, GOOGL, AMD, AMZN);Amazon.com Inc;NASDAQ:AMZN;NASDAQ;US0231351067;Internet Retail;Consumer Cyclical
NLBNPIT2T027;Cash Collect Booster (Palantir, Tesla, NVIDIA);Tesla;NASDAQ:TSLA;NASDAQ;N/A;Auto Manufacturers;Consumer Cyclical
NLBNPIT2XBR3;12 Premi Fissi Cash Collect Step Down;Kering SA;EPA:KER;EPA;FR0000121485;Luxury Goods;Consumer Cyclical
NLBNPIT2XBR3;12 Premi Fissi Cash Collect Step Down;Moncler SpA;BIT:MONC;BIT;IT0004965148;Luxury Goods;Consumer Cyclical
NLBNPIT300H4;Step Down Memory Cash Collect on Stellantis NV;Stellantis;BIT:STLAM;BIT;NL00150001Q9;Auto Manufacturers;Consumer Cyclical
NLBNPIT300T9;Step Down Memory Cash Collect on Tesla Inc;Tesla;NASDAQ:TSLA;NASDAQ;US88160R1014;Auto Manufacturers;Consumer Cyclical
NLBNPIT30333;Cash Collect Protection Booster (Enel, Leonardo, Snam, Moncler);Moncler SpA;BIT:MONC;BIT;IT0004965148;Apparel Manufacturing;Consumer Cyclical
NLBNPIT303A3;Cash Collect Protection Booster (NVIDIA, Intel, Tesla, Meta);Tesla Inc;NASDAQ:TSLA;NASDAQ;US88150R1014;Automotive;Consumer Cyclical
NLBNPIT304L8;12 Premi Fissi Cash Collect Step Down (ENI, ENEL, RACE, ISP);Ferrari NV;BIT:RACE;BIT;NL0011585146;Auto Manufacturers;Consumer Cyclical
NLBNPIT304N4;12 Premi Fissi Cash Collect Step Down (ASML, STLAM, CBK, ENR);Stellantis NV;BIT:STLAM;BIT;NL00150001Q9;Automotive;Consumer Cyclical
CH1550424670;Target One Autocallable (Anglogold Ashanti ADR, Colgate-Palmolive, Moderna);Colgate-Palmolive;CL;NYSE;US1941621039;Household and Personal Products;Consumer Defensive
DE000VG656A7;Memory Express Certificate on Delivery Hero (DHER.DE), Zalando (ZAL.DE), and HelloFresh (HFG.DE);HelloFresh SE;HFG.DE;XETRA;DE000A161408;Food and Beverage;Consumer Defensive
IT0006767823;N/A;Amazon;AMZN:NASDAQ;NASDAQ;US0231351067;E-commerce;Consumer Discretionary
NLBNPIT2EPV5;12 Premi Fissi Cash Collect Step Down 95% (NVIDIA, MSFT, AMZN, META);Amazon.com Inc;NASDAQ:AMZN;NASDAQ;US0231351067;E-commerce;Consumer Discretionary
NLBNPIT2QDD3;Low Barrier Cash Collect on Oracle Corp, Dell Technologies Inc, Fortinet Inc, Amazon.com Inc;Amazon;NASDAQ:AMZN;NASDAQ;US0231351067;Broadline Retail;Consumer Discretionary
CH1550424928;Certificato Express in EUR su Banco BPM, Davide Campari-Milano, Enel, Leonardo (BAMI, CPR, ENEL, LDO);DAVIDE CAMPARI-MILANO NV;CPR;BIT;NL0015435975;Beverages;Consumer Goods
IT0006775404;60m Wof Memory Phoenix Autocall on EURO STOXX 50 Price EUR, S&P 500 INDEX, Nikkei 225, iShares China Large-Cap ETF in EUR;iShares China Large-Cap ETF;NYSEARCA:FXI;Not Specified;Not Specified;Financial Services;ETFs
DE000VK6PMC6;Vontobel Memory Express Zertifikat auf Allianz, AXA, Zurich Insurance;Eni;BIT:ENI;BIT;IT0003132636;Oil and Gas;Energy
IT0006771148;IT0006771148;TotalEnergies;TTE.PA;EPA;FR0000120271;Oil and Gas Integrated;Energy
IT0006771148;IT0006771148;Chevron;CVX;NYSE;US1667641005;Oil and Gas Integrated;Energy
IT0006771148;IT0006771148;Occidental Petroleum;OXY;NYSE;US6745991058;Oil and Gas Exploration and Production;Energy
IT0006771148;IT0006771148;Eni;BIT:ENI;BIT;IT0003132476;Oil and Gas Integrated;Energy
NLBNPIT30325;Cash Collect Protection Booster (Poste Italiane SpA, UniCredit SpA, Generali, Eni SpA);Eni S.p.A.;BIT:ENI;BIT;IT0003132476;Integrated Oil and Gas;Energy
NLBNPIT30333;Cash Collect Protection Booster (Enel, Leonardo, Snam, Moncler);Snam SpA;BIT:SRG;BIT;IT0003153415;Gas Utilities;Energy
NLBNPIT30382;Cash Collect Protection Booster (BP, TTE, EQNR, REP);Repsol;REP;BME;ES0173516115;Integrated Oil and Gas;Energy
NLBNPIT30382;Cash Collect Protection Booster (BP, TTE, EQNR, REP);British Petroleum;BP;LSE;GB00BN7L1Y91;Integrated Oil and Gas;Energy
NLBNPIT30382;Cash Collect Protection Booster (BP, TTE, EQNR, REP);TotalEnergies;TTE;EPA;FR0000120271;Integrated Oil and Gas;Energy
NLBNPIT30382;Cash Collect Protection Booster (BP, TTE, EQNR, REP);Equinor ASA;EQNR;Oslo Stock Exchange;NO0010096985;Oil and Gas;Energy
NLBNPIT304L8;12 Premi Fissi Cash Collect Step Down (ENI, ENEL, RACE, ISP);Eni SpA;BIT:ENI;BIT;IT0003132476;Oil and Gas;Energy
XS3312413696;Credit Certificate on LEONARDO S.P.A., ENI S.P.A., ENEL S.P.A.;ENI S.P.A.;BIT:ENI;BIT;IT0003132476;Oil and Gas;Energy
XS3342731489;10Y 100% Protection Cash Collect on Solactive Constant Maturity BUND 10Y in EUR (SOLDE10E);Solactive Constant Maturity BUND 10Y Yield Index;SOLDE10E;N/A;N/A;Government Bonds;Finance
CH1525091620;Express Certificate in EUR on iShares Silver Trust (SLV) and SPDR Gold Trust (GLD);iShares Silver Trust;NYSEARCA:SLV;NYSE Arca;US46428Q1094;Commodities;Financial
CH1525091620;Express Certificate in EUR on iShares Silver Trust (SLV) and SPDR Gold Trust (GLD);SPDR Gold Shares;NYSEARCA:GLD;NYSE Arca;US78463V1070;Commodities;Financial
CH1550424928;Certificato Express in EUR su Banco BPM, Davide Campari-Milano, Enel, Leonardo (BAMI, CPR, ENEL, LDO);BANCO BPM SPA;BIT:BAMI;BIT;IT0005218380;Banking;Financial
CH1550425057;Phoenix Autocallable on Banca Monte dei Paschi Siena, Barclays, Commerzbank, Société Générale;Barclays PLC;LON:BARC;LSE;GB0031348658;Banking;Financial
CH1550425057;Phoenix Autocallable on Banca Monte dei Paschi Siena, Barclays, Commerzbank, Société Générale;Société Générale;EPA:GLE;EPA;FR0000130809;Banking;Financial
CH1550425057;Phoenix Autocallable on Banca Monte dei Paschi Siena, Barclays, Commerzbank, Société Générale;Banca Monte dei Paschi Siena;BIT:BMPS;BIT;IT0005508921;Banking;Financial
CH1550425057;Phoenix Autocallable on Banca Monte dei Paschi Siena, Barclays, Commerzbank, Société Générale;Commerzbank AG;FRA:CBK;Xetra;DE000CBK1001;Banking;Financial
NLBNPIT30341;Cash Collect Protection Booster (UNI, G, SREN, SCR);Unipol Assicurazioni SpA;BIT:UNI;BIT;IT0004810054;Insurance;Financial
NLBNPIT30341;Cash Collect Protection Booster (UNI, G, SREN, SCR);Swiss Re AG;SWX:SREN;SIX Swiss Exchange;CH0126881561;Insurance;Financial
NLBNPIT30341;Cash Collect Protection Booster (UNI, G, SREN, SCR);SCOR SE;EPA:SCR;EPA;FR0010411983;Insurance;Financial
NLBNPIT30507;Memory Cash Collect Callable-EWY, MCHI, SPX, SX5E;iShares MSCI South Korea ETF;NYSEARCA:EWY;NYSE Arca;US4642867765;ETF;Financial
NLBNPIT30507;Memory Cash Collect Callable-EWY, MCHI, SPX, SX5E;iShares MSCI China ETF;NASDAQ:MCHI;NASDAQ;US4642866858;ETF;Financial
XS3304607255;12Y 100% Protection Cash Collect on Solactive BTP 10Y Index in EUR (SOITA10Y);Solactive BTP 10 Annual Comp. Yield Index;SOITA10Y;Solactive;N/A;Indices;Financial
XS3343672740;7Y 100% Protection Cash Collect on Solactive Constant Maturity EU NXG 10Y (SOLEU10E);Solactive Constant Maturity EU NXG 10Y;SOLEU10E;N/A;N/A;Indices;Financial
CH1525083577;Certificato Express in EUR su Banca Monte dei Paschi Siena, Banco BPM, UniCredit (BMPS, BAMI, UCG);Unicredit;BIT:UCG;BIT;IT0005239367;Banks;Financial Services
CH1525083577;Certificato Express in EUR su Banca Monte dei Paschi Siena, Banco BPM, UniCredit (BMPS, BAMI, UCG);Banco BPM;BIT:BAMI;BIT;IT0005218380;Banks;Financial Services
CH1525083577;Certificato Express in EUR su Banca Monte dei Paschi Siena, Banco BPM, UniCredit (BMPS, BAMI, UCG);Banca MPS;BIT:BMPS;BIT;IT0005336148;Banks;Financial Services
CH1525091620;Express Certificate in EUR on iShares Silver Trust (SLV) and SPDR Gold Trust (GLD);SPDR Gold Shares;NYSEARCA:GLD;NYSE Arca;US78463V1070;Exchange Traded Funds;Financial Services
CH1525091620;Express Certificate in EUR on iShares Silver Trust (SLV) and SPDR Gold Trust (GLD);iShares Silver Trust;NYSEARCA:SLV;NYSE Arca;US46428Q1094;Exchange Traded Funds;Financial Services
CH1550420314;Phoenix Autocallable on Aegon, Allianz, Generali, Swiss Re;AEGON LTD;AGN;Amsterdam;BMG0112X1056;Insurance;Financial Services
CH1550420314;Phoenix Autocallable on Aegon, Allianz, Generali, Swiss Re;ALLIANZ SE-REG;ALV;Xetra;DE0008404005;Insurance;Financial Services
CH1550420314;Phoenix Autocallable on Aegon, Allianz, Generali, Swiss Re;SWISS RE AG;SWX:SREN;SIX Swiss Exchange AG;CH0126881561;Insurance;Financial Services
DE000VG656A7;Memory Express Certificate on Delivery Hero (DHER.DE), Zalando (ZAL.DE), and HelloFresh (HFG.DE);Banca MPS;BIT:BMPS;BIT;IT0005508921;Banks-Regional;Financial Services
DE000VG656A7;Memory Express Certificate on Delivery Hero (DHER.DE), Zalando (ZAL.DE), and HelloFresh (HFG.DE);Raiffeisen Bank;VIE:RBI;Vienna Stock Exchange;AT0000606306;Banks-Regional;Financial Services
DE000VG656A7;Memory Express Certificate on Delivery Hero (DHER.DE), Zalando (ZAL.DE), and HelloFresh (HFG.DE);Societe Generale;EPA:GLE;EPA;FR0000130809;Banks-Regional;Financial Services
DE000VH30021;Memory Express Zertifikat auf Allianz, AXA, Zurich Insurance (ALV, CS, ZURN);Banca MPS;BIT:BMPS;BIT;IT0005508921;Banks;Financial Services
IT0006770512;60m Wof Memory Phoenix Autocall on BNP Paribas SA, UniCredit SpA, Banco BPM SpA in EUR;BNP Paribas;EPA:BNP;EPA;FR0000131104;Banks-Diversified;Financial Services
IT0006770512;60m Wof Memory Phoenix Autocall on BNP Paribas SA, UniCredit SpA, Banco BPM SpA in EUR;Unicredit;BIT:UCG;BIT;IT0005239360;Banks-Regional;Financial Services
IT0006770512;60m Wof Memory Phoenix Autocall on BNP Paribas SA, UniCredit SpA, Banco BPM SpA in EUR;UniCredit SpA;BIT:UCG;BIT;IT0005239360;Banks;Financial Services
IT0006770512;60m Wof Memory Phoenix Autocall on BNP Paribas SA, UniCredit SpA, Banco BPM SpA in EUR;Banco BPM;BIT:BAMI;BIT;IT0005218380;Banks-Regional;Financial Services
IT0006770512;60m Wof Memory Phoenix Autocall on BNP Paribas SA, UniCredit SpA, Banco BPM SpA in EUR;Banco BPM SpA;BIT:BAMI;BIT;IT0005218380;Banks;Financial Services
IT0006770512;60m Wof Memory Phoenix Autocall on BNP Paribas SA, UniCredit SpA, Banco BPM SpA in EUR;BNP Paribas SA;EPA:BNP;EPA;FR0000131104;Banks;Financial Services
IT0006775347;110m Credit Linked on UniCredit SpA in EUR;UniCredit SpA;BIT:UCG;BIT;IT0005239360;Banking;Financial Services
NLBNPIT2XBR3;12 Premi Fissi Cash Collect Step Down;Banco BPM SpA;BIT:BAMI;BIT;IT0005218380;Banks;Financial Services
NLBNPIT300C5;Step Down Memory Cash Collect on Banca Monte dei Paschi di Siena SpA (BMPS);Banca MPS;BMPS:MIL;BIT;IT0005336171;Banks;Financial Services
NLBNPIT302V1;Cash Collect Protection Booster (UniCredit SpA, Intesa Sanpaolo SpA, BPER Banca SPA);BPER Banca;BIT:BPE;BIT;IT0000066123;Banks;Financial Services
NLBNPIT302V1;Cash Collect Protection Booster (UniCredit SpA, Intesa Sanpaolo SpA, BPER Banca SPA);Intesa Sanpaolo;BIT:ISP;BIT;IT0000072618;Banks;Financial Services
NLBNPIT302V1;Cash Collect Protection Booster (UniCredit SpA, Intesa Sanpaolo SpA, BPER Banca SPA);Unicredit;BIT:UCG;BIT;IT0005239360;Banks;Financial Services
NLBNPIT30309;Cash Collect Protection Booster (BMPS, GLE, CABK, BBVA);Societe Generale;EPA:GLE;EPA;FR0000130807;Banks-Diversified;Financial Services
NLBNPIT30309;Cash Collect Protection Booster (BMPS, GLE, CABK, BBVA);CaixaBank S.A.;BME:CABK;BME;ES0118620317;Banks-Diversified;Financial Services
NLBNPIT30309;Cash Collect Protection Booster (BMPS, GLE, CABK, BBVA);Banco Bilbao Vizcaya Argentaria S.A.;BME:BBVA;BME;ES0116200035;Banks-Diversified;Financial Services
NLBNPIT30309;Cash Collect Protection Booster (BMPS, GLE, CABK, BBVA);Banca Monte dei Paschi di Siena S.p.A.;BIT:BMPS;BIT;IT0005345714;Banks-Regional;Financial Services
NLBNPIT304L8;12 Premi Fissi Cash Collect Step Down (ENI, ENEL, RACE, ISP);Intesa Sanpaolo SpA;BIT:ISP;BIT;IT0000072618;Banks-Regional;Financial Services
NLBNPIT304N4;12 Premi Fissi Cash Collect Step Down (ASML, STLAM, CBK, ENR);Commerzbank AG;FRA:CBK;Xetra;DE000CBK1001;Banking;Financial Services
XS3312413340;Credit Linked Note on BANCA MONTE DEI PASCHI DI SIENA S.P.A., INTESA SANPAOLO SPA, UNICREDIT, SOCIETA PER AZIONI (BMPS, ISP, UCG);Banca Monte dei Paschi di Siena S.p.A.;BIT:BMPS;BIT;IT0005218752;Banks;Financial Services
XS3312413340;Credit Linked Note on BANCA MONTE DEI PASCHI DI SIENA S.P.A., INTESA SANPAOLO SPA, UNICREDIT, SOCIETA PER AZIONI (BMPS, ISP, UCG);UniCredit S.p.A.;BIT:UCG;BIT;IT0005239545;Banks;Financial Services
XS3312413340;Credit Linked Note on BANCA MONTE DEI PASCHI DI SIENA S.P.A., INTESA SANPAOLO SPA, UNICREDIT, SOCIETA PER AZIONI (BMPS, ISP, UCG);Intesa Sanpaolo S.p.A.;BIT:ISP;BIT;IT0000072618;Banks;Financial Services
CH1525083577;Certificato Express in EUR su Banca Monte dei Paschi Siena, Banco BPM, UniCredit (BMPS, BAMI, UCG);UNICREDIT SPA;BIT:UCG;BIT;IT0005239360;Banking;Financials
CH1525083577;Certificato Express in EUR su Banca Monte dei Paschi Siena, Banco BPM, UniCredit (BMPS, BAMI, UCG);BANCA MONTE DEI PASCHI SIENA;BIT:BMPS;BIT;IT0005508921;Banking;Financials
CH1525083577;Certificato Express in EUR su Banca Monte dei Paschi Siena, Banco BPM, UniCredit (BMPS, BAMI, UCG);BANCO BPM SPA;BIT:BAMI;BIT;IT0005218380;Banking;Financials
CH1550424985;Certificato Express in EUR su Banca Monte dei Paschi Siena e STMicroelectronics;Banca Monte dei Paschi Siena;BIT:BMPS;BIT;IT0005508921;Banking;Financials
DE000VH30021;Memory Express Zertifikat auf Allianz, AXA, Zurich Insurance (ALV, CS, ZURN);AXA SA;EPA:CS;EPA;FR0000120628;Insurance;Financials
DE000VH30021;Memory Express Zertifikat auf Allianz, AXA, Zurich Insurance (ALV, CS, ZURN);Zurich Insurance Group;SWX:ZURN;SIX Swiss Exchange;CH0011075394;Insurance;Financials
DE000VH30021;Memory Express Zertifikat auf Allianz, AXA, Zurich Insurance (ALV, CS, ZURN);Allianz SE;ALV;XETRA;DE0008404005;Insurance;Financials
DE000VJ6U7J7;Memory Express Zertifikat auf Allianz, AXA, Zurich Insurance;AXA SA;EPA:CS;EPA;FR0000120628;Insurance;Financials
DE000VJ6U7J7;Memory Express Zertifikat auf Allianz, AXA, Zurich Insurance;Allianz SE;ALV;XETRA;DE0008404005;Insurance;Financials
DE000VJ6U7J7;Memory Express Zertifikat auf Allianz, AXA, Zurich Insurance;Zurich Insurance Group AG;SWX:ZURN;SIX Swiss Exchange;CH0011075394;Insurance;Financials
DE000VJ6U7J7;Memory Express Zertifikat auf Allianz, AXA, Zurich Insurance;Commerzbank;ETR:CBK;XETRA;DE000CBK1001;Banks;Financials
DE000VJ6U7J7;Memory Express Zertifikat auf Allianz, AXA, Zurich Insurance;Banca MPS;BIT:BMPS;BIT;IT0005218752;Banks;Financials
DE000VJ6U7J7;Memory Express Zertifikat auf Allianz, AXA, Zurich Insurance;Societe Generale;EPA:GLE;EPA;FR0000130809;Banks;Financials
DE000VJ6U7J7;Memory Express Zertifikat auf Allianz, AXA, Zurich Insurance;Raiffeisen Bank;VIE:RBI;Vienna Stock Exchange;AT0000606306;Banks;Financials
DE000VK6PMC6;Vontobel Memory Express Zertifikat auf Allianz, AXA, Zurich Insurance;Intesa Sanpaolo;BIT:ISP;BIT;IT0000072618;Banks;Financials
DE000VK6PMC6;Vontobel Memory Express Zertifikat auf Allianz, AXA, Zurich Insurance;NEXI;BIT:NEXI;BIT;IT0005366767;Financial Services;Financials
IT0006772062;48m Wof Memory Phoenix Autocall on Banco BPM SpA, Societe Generale SA, Banca Monte dei Paschi di Sien, Commerzbank AG in EUR;Commerzbank;ETR:CBK;XETRA;DE000CBK1001;Banks;Financials
IT0006772062;48m Wof Memory Phoenix Autocall on Banco BPM SpA, Societe Generale SA, Banca Monte dei Paschi di Sien, Commerzbank AG in EUR;Commerzbank AG;FRA:CBK;Xetra;DE000CBK1001;Banks;Financials
IT0006772062;48m Wof Memory Phoenix Autocall on Banco BPM SpA, Societe Generale SA, Banca Monte dei Paschi di Sien, Commerzbank AG in EUR;Societe Generale;EPA:GLE;EPA;FR0000130809;Banks;Financials
IT0006772062;48m Wof Memory Phoenix Autocall on Banco BPM SpA, Societe Generale SA, Banca Monte dei Paschi di Sien, Commerzbank AG in EUR;Banco BPM SpA;BIT:BAMI;BIT;IT0005218380;Banks;Financials
IT0006772062;48m Wof Memory Phoenix Autocall on Banco BPM SpA, Societe Generale SA, Banca Monte dei Paschi di Sien, Commerzbank AG in EUR;Societe Generale SA;EPA:GLE;EPA;FR0000130809;Banks;Financials
IT0006772062;48m Wof Memory Phoenix Autocall on Banco BPM SpA, Societe Generale SA, Banca Monte dei Paschi di Sien, Commerzbank AG in EUR;Banco BPM;BIT:BAMI;BIT;IT0005218380;Banks;Financials
IT0006772062;48m Wof Memory Phoenix Autocall on Banco BPM SpA, Societe Generale SA, Banca Monte dei Paschi di Sien, Commerzbank AG in EUR;Banca Monte dei Paschi di Siena;BIT:BMPS;BIT;IT0005272031;Banks;Financials
IT0006772062;48m Wof Memory Phoenix Autocall on Banco BPM SpA, Societe Generale SA, Banca Monte dei Paschi di Sien, Commerzbank AG in EUR;Banca MPS;BIT:BMPS;BIT;IT0005218752;Banks;Financials
NLBNPIT2TQJ6;12 Premi Fissi Cash Collect Step Down (BAMI, BPE, BMPS, FBK);Banco BPM;BIT:BAMI;BIT;IT0005218380;Banks;Financials
NLBNPIT2TQJ6;12 Premi Fissi Cash Collect Step Down (BAMI, BPE, BMPS, FBK);Banca MPS;BIT:BMPS;BIT;IT0005508921;Banks;Financials
NLBNPIT2TQJ6;12 Premi Fissi Cash Collect Step Down (BAMI, BPE, BMPS, FBK);Fineco;BIT:FBK;BIT;IT0000072170;Banks;Financials
NLBNPIT2TQJ6;12 Premi Fissi Cash Collect Step Down (BAMI, BPE, BMPS, FBK);BPER Banca SPA;BIT:BPE;BIT;IT0000066123;Banking;Financials
NLBNPIT2TQJ6;12 Premi Fissi Cash Collect Step Down (BAMI, BPE, BMPS, FBK);BPER Banca;BIT:BPE;BIT;IT0003839121;Banks;Financials
NLBNPIT2TQJ6;12 Premi Fissi Cash Collect Step Down (BAMI, BPE, BMPS, FBK);Banco BPM SpA;BIT:BAMI;BIT;IT0005218380;Banking;Financials
NLBNPIT2TQJ6;12 Premi Fissi Cash Collect Step Down (BAMI, BPE, BMPS, FBK);FinecoBank Banca Fineco SpA;BIT:FBK;BIT;IT0000072170;Banking/Financial Services;Financials
NLBNPIT2TQJ6;12 Premi Fissi Cash Collect Step Down (BAMI, BPE, BMPS, FBK);Banca Monte dei Paschi di Siena SpA;BIT:BMPS;BIT;IT0005508921;Banking;Financials
NLBNPIT300C5;Step Down Memory Cash Collect on Banca Monte dei Paschi di Siena SpA (BMPS);Banca Monte dei Paschi di Siena SpA;BIT:BMPS;BIT;IT0005508921;Banks;Financials
NLBNPIT302V1;Cash Collect Protection Booster (UniCredit SpA, Intesa Sanpaolo SpA, BPER Banca SPA);BPER Banca SPA;BIT:BPE;BIT;IT0000066123;Banking;Financials
NLBNPIT302V1;Cash Collect Protection Booster (UniCredit SpA, Intesa Sanpaolo SpA, BPER Banca SPA);UniCredit SpA;BIT:UCG;BIT;IT0005239360;Banking;Financials
NLBNPIT302V1;Cash Collect Protection Booster (UniCredit SpA, Intesa Sanpaolo SpA, BPER Banca SPA);Intesa Sanpaolo SpA;BIT:ISP;BIT;IT0000072618;Banking;Financials
NLBNPIT302W9;Prodotto Cash Collect Protection Booster (UniCredit SpA, Intesa Sanpaolo SpA);Intesa Sanpaolo;BIT:ISP;BIT;IT0000072618;Banks;Financials
NLBNPIT302W9;Prodotto Cash Collect Protection Booster (UniCredit SpA, Intesa Sanpaolo SpA);Unicredit;BIT:UCG;BIT;IT0005239545;Banks;Financials
NLBNPIT302Y5;Cash Collect Protection Booster (UniCredit SpA, Banca Monte dei Paschi di Siena SpA, BPER Banca SPA, Banco BPM SpA);Unicredit;BIT:UCG;BIT;IT0005239360;Banks;Financials
NLBNPIT302Y5;Cash Collect Protection Booster (UniCredit SpA, Banca Monte dei Paschi di Siena SpA, BPER Banca SPA, Banco BPM SpA);Banco BPM;BIT:BAMI;BIT;IT0005218380;Banks;Financials
NLBNPIT302Y5;Cash Collect Protection Booster (UniCredit SpA, Banca Monte dei Paschi di Siena SpA, BPER Banca SPA, Banco BPM SpA);BPER Banca;BIT:BPE;BIT;IT0000066123;Banks;Financials
NLBNPIT302Y5;Cash Collect Protection Booster (UniCredit SpA, Banca Monte dei Paschi di Siena SpA, BPER Banca SPA, Banco BPM SpA);Banca MPS;BIT:BMPS;BIT;IT0005508921;Banks;Financials
NLBNPIT30309;Cash Collect Protection Booster (BMPS, GLE, CABK, BBVA);Banco Bilbao Vizcaya Argentaria SA;BME:BBVA;BME;ES0113211835;Banking;Financials
NLBNPIT30309;Cash Collect Protection Booster (BMPS, GLE, CABK, BBVA);Societe Generale SA;EPA:GLE;EPA;FR0000130809;Banking;Financials
NLBNPIT30309;Cash Collect Protection Booster (BMPS, GLE, CABK, BBVA);CaixaBank SA;BME:CABK;BME;ES0140609019;Banking;Financials
NLBNPIT30309;Cash Collect Protection Booster (BMPS, GLE, CABK, BBVA);Banca Monte dei Paschi di Siena SpA;BIT:BMPS;BIT;IT0005508921;Banking;Financials
NLBNPIT30325;Cash Collect Protection Booster (Poste Italiane SpA, UniCredit SpA, Generali, Eni SpA);Poste Italiane S.p.A.;BIT:PST;BIT;IT0003794171;Diversified Financial Services;Financials
NLBNPIT30325;Cash Collect Protection Booster (Poste Italiane SpA, UniCredit SpA, Generali, Eni SpA);UniCredit S.p.A.;BIT:UCG;BIT;IT0005239997;Banks;Financials
NLBNPIT30341;Cash Collect Protection Booster (UNI, G, SREN, SCR);Swiss Re;SWX:SREN;SIX Swiss Exchange;CH0126881561;Reinsurance;Financials
NLBNPIT30341;Cash Collect Protection Booster (UNI, G, SREN, SCR);Unipol Gruppo Finanziario;BIT:UNI;BIT;IT0003189914;Multi-line Insurance;Financials
NLBNPIT30341;Cash Collect Protection Booster (UNI, G, SREN, SCR);Scor;EPA:SCR;EPA;FR0010411983;Reinsurance;Financials
NLBNPIT30341;Cash Collect Protection Booster (UNI, G, SREN, SCR);Generali;BIT:G;BIT;IT0000062072;Multi-line Insurance;Financials
NLBNPIT303V9;Maxi Cash Collect Step Down BAMI BPE ISP FBK;Banco BPM SpA;BIT:BAMI;BIT;IT0005218380;Banks;Financials
NLBNPIT303V9;Maxi Cash Collect Step Down BAMI BPE ISP FBK;Intesa Sanpaolo SpA;BIT:ISP;BIT;IT0000072618;Banks;Financials
NLBNPIT303V9;Maxi Cash Collect Step Down BAMI BPE ISP FBK;BPER Banca SPA;BIT:BPE;BIT;IT0000066123;Banks;Financials
NLBNPIT303V9;Maxi Cash Collect Step Down BAMI BPE ISP FBK;FinecoBank Banca Fineco SpA;BIT:FBK;BIT;IT0000072170;Diversified Financial Services;Financials
NLBNPIT303W7;Maxi Cash Collect Step Down ISP SAN ZURN CS;AXA SA;EPA:CS;EPA;FR0000120628;Insurance;Financials
NLBNPIT303W7;Maxi Cash Collect Step Down ISP SAN ZURN CS;Intesa Sanpaolo SpA;BIT:ISP;BIT;IT0000072618;Banks;Financials
NLBNPIT303W7;Maxi Cash Collect Step Down ISP SAN ZURN CS;Banco Santander SA;BME:SAN;BME;ES0113900J37;Banks;Financials
NLBNPIT303W7;Maxi Cash Collect Step Down ISP SAN ZURN CS;Zurich Insurance Group AG;SWX:ZURN;SIX Swiss Exchange;CH0011075394;Insurance;Financials
NLBNPIT303Y3;Maxi Cash Collect Step Down (BPE, AZM, G, PST);Poste Italiane SpA;BIT:PST;BIT;IT0003796171;Postal Services and Financials;Financials
NLBNPIT303Y3;Maxi Cash Collect Step Down (BPE, AZM, G, PST);BPER Banca SPA;BIT:BPE;BIT;IT0000066123;Banks;Financials
NLBNPIT303Y3;Maxi Cash Collect Step Down (BPE, AZM, G, PST);Azimut Holding SpA;BIT:AZM;BIT;IT0003261697;Asset Management;Financials
NLBNPIT303Y3;Maxi Cash Collect Step Down (BPE, AZM, G, PST);Generali;BIT:G;BIT;IT0000062072;Insurance;Financials
NLBNPIT304D5;12 Premi Fissi Cash Collect Step Down on BMPS, ISP, BAMI;Intesa Sanpaolo SpA;BIT:ISP;BIT;IT0000072618;Banking;Financials
NLBNPIT304D5;12 Premi Fissi Cash Collect Step Down on BMPS, ISP, BAMI;Banco BPM SpA;BIT:BAMI;BIT;IT0005218380;Banking;Financials
NLBNPIT304D5;12 Premi Fissi Cash Collect Step Down on BMPS, ISP, BAMI;Banca Monte dei Paschi di Siena SpA;BIT:BMPS;BIT;IT0005508921;Banking;Financials
NLBNPIT304E3;12 Premi Fissi Cash Collect Step Down-Intesa Sanpaolo SpA, Banco BPM SpA;Banco BPM SpA;BIT:BAMI;BIT;IT0005218380;Banking;Financials
NLBNPIT304E3;12 Premi Fissi Cash Collect Step Down-Intesa Sanpaolo SpA, Banco BPM SpA;Banco BPM SpA;BIT:BAMI;BIT;IT0005218380;Banks;Financials
NLBNPIT304E3;12 Premi Fissi Cash Collect Step Down-Intesa Sanpaolo SpA, Banco BPM SpA;Intesa Sanpaolo SpA;BIT:ISP;BIT;IT0000072618;Banks;Financials
NLBNPIT304E3;12 Premi Fissi Cash Collect Step Down-Intesa Sanpaolo SpA, Banco BPM SpA;Intesa Sanpaolo SpA;BIT:ISP;BIT;IT0000072618;Banking;Financials
NLBNPIT304G8;12 Premi Fissi Cash Collect Step Down (BGN, UCG, BMPS, BPE);Banca Generali SpA;BGN;BIT;IT0001031084;Banking;Financials
NLBNPIT304G8;12 Premi Fissi Cash Collect Step Down (BGN, UCG, BMPS, BPE);UniCredit SpA;BIT:UCG;BIT;IT0005239360;Banking;Financials
NLBNPIT304G8;12 Premi Fissi Cash Collect Step Down (BGN, UCG, BMPS, BPE);BPER Banca SPA;BIT:BPE;BIT;IT0000066123;Banking;Financials
NLBNPIT304G8;12 Premi Fissi Cash Collect Step Down (BGN, UCG, BMPS, BPE);Banca Monte dei Paschi di Siena SpA;BIT:BMPS;BIT;IT0005508921;Banking;Financials
NLBNPIT304J2;12 Premi Fissi Cash Collect Step Down (Leonardo, Poste Italiane, Enel);Poste Italiane SpA;BIT:PST;BIT;IT0003796171;Insurance/Logistics;Financials
NLBNPIT304W5;Memory Cash Collect Callable SX6E SX7E SX8E SXIE;EURO STOXX Banks Index;STOXX:SX7E;STOXX;EU0009658426;Banks;Financials
NLBNPIT304W5;Memory Cash Collect Callable SX6E SX7E SX8E SXIE;ESTX Insurance (EUR) Pr;SXIE;STOXX;EU0009658442;Insurance;Financials
NLBNPIT304Y1;Memory Cash Collect Callable SX7E SPX;EURO STOXX® Banks Index;STOXX;STOXX;EU0009658426;Banking;Financials
XS3236768365;10Y 100% Protection Cash Collect on Solactive BTP 10Y Index (SOITA10Y Index);Solactive BTP 10 Annual Comp. Yield Index;SOITA10Y;N/A;N/A;Government Bonds;Financials
XS3312413183;BNP Paribas Credit Certificate on BMPS, UCG, ISP (XS3312413183);Banca Monte dei Paschi di Siena S.p.A. (Subordinated);BIT:BMPS;BIT;IT0005508921;Banks;Financials
XS3312413183;BNP Paribas Credit Certificate on BMPS, UCG, ISP (XS3312413183);UniCredit S.p.A. (Subordinated);BIT:UCG;BIT;IT0005239360;Banks;Financials
XS3312413183;BNP Paribas Credit Certificate on BMPS, UCG, ISP (XS3312413183);Intesa Sanpaolo S.p.A. (Subordinated);BIT:ISP;BIT;IT0000072618;Banks;Financials
XS3312413423;Credit Certificate (SAN, BARC, DBK);BARCLAYS PLC;LON:BARC;LSE;GB0031348658;Banks;Financials
XS3312413423;Credit Certificate (SAN, BARC, DBK);BANCO SANTANDER, S.A.;BME:SAN;BME;ES0113900J37;Banks;Financials
XS3312413423;Credit Certificate (SAN, BARC, DBK);DEUTSCHE BANK AKTIENGESELLSCHAFT;ETR:DBK;Xetra;DE0005140008;Banks;Financials
XS3312413852;BNP Paribas Credit Certificate on GS, MS;THE GOLDMAN SACHS GROUP, INC.;NYSE:GS;NYSE;US38141G1040;Capital Markets;Financials
XS3312413852;BNP Paribas Credit Certificate on GS, MS;MORGAN STANLEY;NYSE:MS;NYSE;US6174464486;Capital Markets;Financials
CH1390871320;5.30% p.a. Reverse Convertible in EUR su 2.15% BTPS Italia (03/01/72);2.15% BTPS Italia (03/01/72);IT0005441883;BIT;IT0005441883;Government Bonds;Government
CH1453354354;8.00% p.a. Reverse Convertible in EUR on 0.5% France Govt (05/25/2072) (FR0014001NN8);0.5% France Govt (05/25/2072);FR0014001NN8;Euronext;FR0014001NN8;Sovereign Debt;Government
CH1525083544;EQUITY PROTECTION;BTP TF 0,95% GN32 EUR;MOT;MOT;IT0005405318;Sovereign Debt;Government
XS3287393642;12Y 100% Protection Cash Collect on BFR TEC 10Y Index in EUR (BFRTEC10 Index);Banque de France TEC 10 CNO Constant 10 Year Maturity Treasury Benchmark;Euronext;Euronext;N/A;Sovereign Bonds;Government
XS3266629172;10Y 100% Protection Cash Collect on Solactive BTP 10Y Index in EUR (SOITA10Y);Solactive BTP 10 Annual Comp. Yield Index;SOITA10Y;Solactive;N/A;Fixed Income;Government Bonds
CH1316652309;Certificato Express in EUR su Bayer e Pfizer (BAYN GY, PFE UN);BAYER AG-REG;BAYN;Xetra;DE000BAY0017;Pharmaceuticals;Healthcare
CH1316652309;Certificato Express in EUR su Bayer e Pfizer (BAYN GY, PFE UN);PFIZER INC-REG;PFE;NYSE;US7170811035;Pharmaceuticals;Healthcare
CH1550424670;Target One Autocallable (Anglogold Ashanti ADR, Colgate-Palmolive, Moderna);Moderna Inc;MRNA;NASDAQ;US60770K1079;Biotechnology;Healthcare
NLBNPIT304S3;12 Premi Fissi Cash Collect Step Down (Bayer AG, Eli Lilly and Co, Merck and Co Inc);Bayer AG;BAYN;XETRA;DE000BAY0017;Pharmaceuticals;Healthcare
NLBNPIT304S3;12 Premi Fissi Cash Collect Step Down (Bayer AG, Eli Lilly and Co, Merck and Co Inc);Merck and Co Inc;MRK;NYSE;US58933Y1055;Pharmaceuticals;Healthcare
NLBNPIT304S3;12 Premi Fissi Cash Collect Step Down (Bayer AG, Eli Lilly and Co, Merck and Co Inc);Eli Lilly and Co;LLY;NYSE;US5324571083;Pharmaceuticals;Healthcare
NLBNPIT304X3;Memory Cash Collect Callable (SPX, SX5E, FTSEMIB);EURO STOXX 50 Index;SX5E;Eurex;EU0009658145;Index;Index
NLBNPIT304X3;Memory Cash Collect Callable (SPX, SX5E, FTSEMIB);FTSE MIB INDEX;FTSEMIB;BIT;IT0003465705;Index;Index
NLBNPIT304X3;Memory Cash Collect Callable (SPX, SX5E, FTSEMIB);S&P 500 Index;SPX;NYSE;US78378X1072;Index;Index
NLBNPIT30507;Memory Cash Collect Callable-EWY, MCHI, SPX, SX5E;EURO STOXX 50 Index;STOXX;STOXX;EU0009658145;Index;Index
NLBNPIT30507;Memory Cash Collect Callable-EWY, MCHI, SPX, SX5E;S&P 500 Index;INDEXSP:.INX;Cboe;US78378X1072;Index;Index
IT0006775404;60m Wof Memory Phoenix Autocall on EURO STOXX 50 Price EUR, S&P 500 INDEX, Nikkei 225, iShares China Large-Cap ETF in EUR;S&P 500 INDEX;SPX;Not Specified;Not Specified;Financial Indices;Indices
IT0006775404;60m Wof Memory Phoenix Autocall on EURO STOXX 50 Price EUR, S&P 500 INDEX, Nikkei 225, iShares China Large-Cap ETF in EUR;EURO STOXX 50 Price EUR;SX5E;Not Specified;Not Specified;Financial Indices;Indices
IT0006775404;60m Wof Memory Phoenix Autocall on EURO STOXX 50 Price EUR, S&P 500 INDEX, Nikkei 225, iShares China Large-Cap ETF in EUR;Nikkei 225;NKY;Not Specified;Not Specified;Financial Indices;Indices
CH1550424928;Certificato Express in EUR su Banco BPM, Davide Campari-Milano, Enel, Leonardo (BAMI, CPR, ENEL, LDO);LEONARDO SPA;BIT:LDO;BIT;IT0003856405;Aerospace and Defense;Industrials
DE000VH30021;Memory Express Zertifikat auf Allianz, AXA, Zurich Insurance (ALV, CS, ZURN);Leonardo;BIT:LDO;BIT;IT0003856405;Aerospace and Defense;Industrials
NLBNPIT2HHH4;12 Premi Fissi Cash Collect Step Down 95% (Leonardo SpA, ERG SpA, Ferrari NV, Moncler SpA);Leonardo;BIT:LDO;BIT;IT0003856405;Aerospace and Defense;Industrials
NLBNPIT2TQK4;12 Premi Fissi Cash Collect Step Down (Rheinmetall AG, Leonardo SpA, The Boeing Co, Dassault Systemes SE);Rheinmetall AG;ETR:RHM;XETRA;DE0007030009;Aerospace and Defense;Industrials
NLBNPIT2TQK4;12 Premi Fissi Cash Collect Step Down (Rheinmetall AG, Leonardo SpA, The Boeing Co, Dassault Systemes SE);The Boeing Co;NYSE:BA;NYSE;US0970231058;Aerospace and Defense;Industrials
NLBNPIT2TQK4;12 Premi Fissi Cash Collect Step Down (Rheinmetall AG, Leonardo SpA, The Boeing Co, Dassault Systemes SE);Leonardo SpA;BIT:LDO;BIT;IT0003856405;Aerospace and Defense;Industrials
NLBNPIT30150;6 Premi Fissi Cash Collect Callable (COHR UN, HO FP, LDO IM);Leonardo;BIT:LDO;BIT;IT0003856405;Aerospace and Defense;Industrials
NLBNPIT30150;6 Premi Fissi Cash Collect Callable (COHR UN, HO FP, LDO IM);Thales;EPA:HO;EPA;FR0000121329;Aerospace and Defense;Industrials
NLBNPIT30333;Cash Collect Protection Booster (Enel, Leonardo, Snam, Moncler);Leonardo SpA;BIT:LDO;BIT;IT0003856405;Aerospace and Defense;Industrials
NLBNPIT304J2;12 Premi Fissi Cash Collect Step Down (Leonardo, Poste Italiane, Enel);Leonardo SpA;BIT:LDO;BIT;IT0003856405;Aerospace and Defense;Industrials
NLBNPIT304K0;12 Premi Fissi Cash Collect Step Down (FCT, SRG, ERG, STMMI);Fincantieri SpA;BIT:FCT;BIT;IT0005599938;Shipbuilding;Industrials
NLBNPIT304M6;12 Premi Fissi Cash Collect Step Down-RHM, BA, FCT;The Boeing Co;NYSE:BA;NYSE;US0970231058;Aerospace and Defense;Industrials
NLBNPIT304M6;12 Premi Fissi Cash Collect Step Down-RHM, BA, FCT;Rheinmetall AG;ETR:RHM;XETRA;DE0007030009;Aerospace and Defense;Industrials
NLBNPIT304M6;12 Premi Fissi Cash Collect Step Down-RHM, BA, FCT;Fincantieri SpA;BIT:FCT;BIT;IT0005599938;Shipbuilding;Industrials
NLBNPIT304N4;12 Premi Fissi Cash Collect Step Down (ASML, STLAM, CBK, ENR);Siemens Energy AG;ETR:ENR;Xetra;DE000ENER6Y0;Energy Equipment and Services;Industrials
NLBNPIT304P9;12 Premi Fissi Cash Collect Step Down (ENEL, ENR, ELE);Siemens Energy AG;ETR:ENR;Xetra;DE000ENER6Y0;Electrical Equipment;Industrials
XS3312413696;Credit Certificate on LEONARDO S.P.A., ENI S.P.A., ENEL S.P.A.;LEONARDO SOCIETA' PER AZIONI;BIT:LDO;BIT;IT0003856405;Aerospace and Defense;Industrials
IT0006767823;N/A;Microsoft;MSFT:NASDAQ;NASDAQ;US5949181045;Software;Information Technology
IT0006767823;N/A;Palantir;PLTR:NYSE;NYSE;US69608A1088;Software;Information Technology
IT0006767823;N/A;Nvidia;NVDA:NASDAQ;NASDAQ;US67066G1040;Semiconductors;Information Technology
NLBNPIT2QDD3;Low Barrier Cash Collect on Oracle Corp, Dell Technologies Inc, Fortinet Inc, Amazon.com Inc;Dell;NYSE:DELL;NYSE;US24703L2025;Technology Hardware, Storage and Peripherals;Information Technology
NLBNPIT2QDD3;Low Barrier Cash Collect on Oracle Corp, Dell Technologies Inc, Fortinet Inc, Amazon.com Inc;Fortinet;NASDAQ:FTNT;NASDAQ;US34959E1091;Software;Information Technology
NLBNPIT2QDD3;Low Barrier Cash Collect on Oracle Corp, Dell Technologies Inc, Fortinet Inc, Amazon.com Inc;Oracle;NYSE:ORCL;NYSE;US68389X1054;Software;Information Technology
NLBNPIT30150;6 Premi Fissi Cash Collect Callable (COHR UN, HO FP, LDO IM);Coherent;NYSE:COHR;NYSE;US1924791031;Electronic Equipment, Instruments and Components;Information Technology
NLBNPIT303A3;Cash Collect Protection Booster (NVIDIA, Intel, Tesla, Meta);Intel Corporation;NASDAQ:INTC;NASDAQ;US4581401001;Semiconductors;Information Technology
NLBNPIT303A3;Cash Collect Protection Booster (NVIDIA, Intel, Tesla, Meta);NVIDIA Corporation;NASDAQ:NVDA;NASDAQ;US67066G1040;Semiconductors;Information Technology
NLBNPIT304Y1;Memory Cash Collect Callable SX7E SPX;S&P 500® Index;INDEXSP:.INX;CBOE;US78378X1072;Broad Market;Multi-sector
IT0006772583;12m Wof Memory Phoenix Autocall on Tesla Inc (TSLA), Intel Corp (INTC), Micron Technology Inc (MU), Oracle Corp (ORCL) in EUR;Tesla Inc;NASDAQ:TSLA;UW;N/A;N/A;N/A
IT0006772583;12m Wof Memory Phoenix Autocall on Tesla Inc (TSLA), Intel Corp (INTC), Micron Technology Inc (MU), Oracle Corp (ORCL) in EUR;Oracle Corp;NYSE:ORCL;UN;N/A;N/A;N/A
IT0006772583;12m Wof Memory Phoenix Autocall on Tesla Inc (TSLA), Intel Corp (INTC), Micron Technology Inc (MU), Oracle Corp (ORCL) in EUR;Intel Corp;NASDAQ:INTC;UW;N/A;N/A;N/A
IT0006772583;12m Wof Memory Phoenix Autocall on Tesla Inc (TSLA), Intel Corp (INTC), Micron Technology Inc (MU), Oracle Corp (ORCL) in EUR;Micron Technology Inc;NASDAQ:MU;UW;N/A;N/A;N/A
IT0006775891;14m Wof Memory Phoenix Autocall on ASML Holding NV (ASML NA), Intel Corp (INTC UW), STMicroelectronics NV (STMPA FP) in EUR;Intel Corp;INTC UW;Not specified;Not specified;Not specified;Not specified
IT0006775891;14m Wof Memory Phoenix Autocall on ASML Holding NV (ASML NA), Intel Corp (INTC UW), STMicroelectronics NV (STMPA FP) in EUR;ASML Holding NV;ASML NA;Not specified;Not specified;Not specified;Not specified
IT0006775891;14m Wof Memory Phoenix Autocall on ASML Holding NV (ASML NA), Intel Corp (INTC UW), STMicroelectronics NV (STMPA FP) in EUR;STMicroelectronics NV;STMPA FP;Not specified;Not specified;Not specified;Not specified
CH1550421346;Certificato Express in EUR su Intesa Sanpaolo (ISP), Micron Technology (MU), UniCredit (UCG) Phoenix Autocallable;Advanced Micro Devices, Inc.;NASDAQ:AMD;NASDAQ;US0079031078;Semiconductors;Technology
CH1550421346;Certificato Express in EUR su Intesa Sanpaolo (ISP), Micron Technology (MU), UniCredit (UCG) Phoenix Autocallable;NVIDIA Corp;NASDAQ:NVDA;NASDAQ;US67066G1040;Semiconductors;Technology
CH1550421528;Express Certificate in EUR on Intel and Micron Technology (INTC, MU);Intel;NASDAQ:INTC;NASDAQ;US4581401001;Semiconductors;Technology
CH1550421528;Express Certificate in EUR on Intel and Micron Technology (INTC, MU);Micron Technology;NASDAQ:MU;NASDAQ;US5951121038;Semiconductors;Technology
CH1550422195;Phoenix Autocallable Express on A2A, Eni, Ferrari, Intesa Sanpaolo;Advanced Micro Devices, Inc.;NASDAQ:AMD;NASDAQ;US0079031078;Semiconductors;Technology
CH1550422195;Phoenix Autocallable Express on A2A, Eni, Ferrari, Intesa Sanpaolo;NVIDIA Corp;NASDAQ:NVDA;NASDAQ;US67066G1040;Semiconductors;Technology
CH1550422195;Phoenix Autocallable Express on A2A, Eni, Ferrari, Intesa Sanpaolo;Intel Corporation;NASDAQ:INTC;NASDAQ;US4581401001;Semiconductors;Technology
CH1550424647;Twin-Win Certificate in EUR on Ferrari, Hermès, Kering (RACE, RMS, KER);NVIDIA Corp;NASDAQ:NVDA;NASDAQ;US67066G1040;Semiconductors;Technology
CH1550424647;Twin-Win Certificate in EUR on Ferrari, Hermès, Kering (RACE, RMS, KER);ASML Holding N.V.;ASML;NASDAQ;US04583N1000;Semiconductor Equipment;Technology
CH1550424647;Twin-Win Certificate in EUR on Ferrari, Hermès, Kering (RACE, RMS, KER);Advanced Micro Devices, Inc.;NASDAQ:AMD;NASDAQ;US0079031078;Semiconductors;Technology
CH1550424985;Certificato Express in EUR su Banca Monte dei Paschi Siena e STMicroelectronics;STMicroelectronics NV;EPA:STMPA;EPA;NL0000226223;Semiconductors;Technology
DE000VK6PMC6;Vontobel Memory Express Zertifikat auf Allianz, AXA, Zurich Insurance;STMicroelectronics (PA);EPA:STMPA;EPA;NL0000226223;Semiconductors;Technology
IT0005710725;Phoenix Autocallable Worst of MU, SMCI, SNDK;Micron Technology Inc;NASDAQ:MU;NASDAQ;US5951121038;Semiconductors;Technology
IT0005710725;Phoenix Autocallable Worst of MU, SMCI, SNDK;Sandisk Corp;NASDAQ:SNDK;NASDAQ;US80004C1018;Semiconductors;Technology
IT0005710725;Phoenix Autocallable Worst of MU, SMCI, SNDK;Super Micro Computer Inc;NASDAQ:SMCI;NASDAQ;US86800U1043;Computer Hardware;Technology
IT0006771353;IT0006771353;Intel Corp;NASDAQ:INTC;NASDAQ;US4581401001;Semiconductors;Technology
IT0006771353;IT0006771353;STMicroelectronics NV;BIT:STMMI;BIT;NL0000226223;Semiconductors;Technology
IT0006771353;IT0006771353;Advanced Micro Devices Inc;NASDAQ:AMD;NASDAQ;US0079031078;Semiconductors;Technology
IT0006771353;IT0006771353;Infineon Technologies AG;ETR:IFX;XETRA;DE0006231004;Semiconductors;Technology
IT0006772583;12m Wof Memory Phoenix Autocall on Tesla Inc (TSLA), Intel Corp (INTC), Micron Technology Inc (MU), Oracle Corp (ORCL) in EUR;Micron Technology;NASDAQ:MU;NASDAQ;US5951121038;Semiconductors;Technology
IT0006772583;12m Wof Memory Phoenix Autocall on Tesla Inc (TSLA), Intel Corp (INTC), Micron Technology Inc (MU), Oracle Corp (ORCL) in EUR;Intel;NASDAQ:INTC;NASDAQ;US4581401001;Semiconductors;Technology
IT0006772583;12m Wof Memory Phoenix Autocall on Tesla Inc (TSLA), Intel Corp (INTC), Micron Technology Inc (MU), Oracle Corp (ORCL) in EUR;Oracle;NYSE:ORCL;NYSE;US68389X1054;Software-Infrastructure;Technology
NLBNPIT21TB7;Cash Collect Step Down 95% (UiPath Inc, KLA Corp, C3.ai Inc);UiPath;NYSE:PATH;NYSE;US90364P1057;Software;Technology
NLBNPIT21TB7;Cash Collect Step Down 95% (UiPath Inc, KLA Corp, C3.ai Inc);C3.AI;NYSE:AI;NYSE;US12468P1049;Software;Technology
NLBNPIT21TB7;Cash Collect Step Down 95% (UiPath Inc, KLA Corp, C3.ai Inc);KLA;NASDAQ:KLAC;NASDAQ;US4824801009;Semiconductors;Technology
NLBNPIT2EPV5;12 Premi Fissi Cash Collect Step Down 95% (NVIDIA, MSFT, AMZN, META);NVIDIA Corp;NASDAQ:NVDA;NASDAQ;US67066G1040;Semiconductors;Technology
NLBNPIT2EPV5;12 Premi Fissi Cash Collect Step Down 95% (NVIDIA, MSFT, AMZN, META);Microsoft Corp;NASDAQ:MSFT;NASDAQ;US5949181045;Software;Technology
NLBNPIT2SP93;12 Premi Fissi Cash Collect Step Down 95% (META, GOOGL, AMD, AMZN);Advanced Micro Devices Inc;NASDAQ:AMD;NASDAQ;US0079031078;Semiconductors;Technology
NLBNPIT2T027;Cash Collect Booster (Palantir, Tesla, NVIDIA);Nvidia;NASDAQ:NVDA;NASDAQ;N/A;Semiconductors;Technology
NLBNPIT2T027;Cash Collect Booster (Palantir, Tesla, NVIDIA);Palantir Technologies Inc;NYSE:PLTR;Not specified;US69608A1088;Software;Technology
NLBNPIT2TQK4;12 Premi Fissi Cash Collect Step Down (Rheinmetall AG, Leonardo SpA, The Boeing Co, Dassault Systemes SE);Dassault Systemes SE;EPA:DSY;EPA;FR0014003TT8;Software;Technology
NLBNPIT2XBR3;12 Premi Fissi Cash Collect Step Down;STMicroelectronics NV;BIT:STMMI;BIT;NL0000226223;Semiconductors;Technology
NLBNPIT300U7;Step Down Memory Cash Collect on Palantir Technologies Inc;Palantir Technologies Inc.;NYSE:PLTR;NYSE;US69608A1088;Software-Infrastructure;Technology
NLBNPIT300U7;Step Down Memory Cash Collect on Palantir Technologies Inc;Palantir;NYSE:PLTR;NYSE;US69608A1088;Software—Infrastructure;Technology
NLBNPIT303S5;Premium Plus Cash Collect on Meta Platforms Inc, Advanced Micro Devices Inc, Dell Technologies Inc;Dell Technologies Inc;NYSE:DELL;NYSE;US24703L2025;Hardware;Technology
NLBNPIT303S5;Premium Plus Cash Collect on Meta Platforms Inc, Advanced Micro Devices Inc, Dell Technologies Inc;Meta Platforms Inc;NASDAQ:META;NASDAQ;US30303M1027;Interactive Media and Services;Technology
NLBNPIT303S5;Premium Plus Cash Collect on Meta Platforms Inc, Advanced Micro Devices Inc, Dell Technologies Inc;Advanced Micro Devices Inc;NASDAQ:AMD;NASDAQ;US0079031078;Semiconductors;Technology
NLBNPIT304K0;12 Premi Fissi Cash Collect Step Down (FCT, SRG, ERG, STMMI);STMicroelectronics NV;BIT:STMMI;BIT;NL0000226223;Semiconductors;Technology
NLBNPIT304N4;12 Premi Fissi Cash Collect Step Down (ASML, STLAM, CBK, ENR);ASML Holding NV;ASML;Amsterdam;NL0010273215;Semiconductor Equipment;Technology
NLBNPIT304W5;Memory Cash Collect Callable SX6E SX7E SX8E SXIE;ESTX Technology (EUR) Pr;SX8E;STOXX;EU0009658582;Technology;Technology
XS3312413779;Credit Certificate on HP INC., DELL INC. and META PLATFORMS, INC.;HP INC.;HPQ;Not specified;Not specified;Hardware;Technology
XS3312413779;Credit Certificate on HP INC., DELL INC. and META PLATFORMS, INC.;DELL INC.;NYSE:DELL;Not specified;Not specified;Hardware;Technology
XS3312413779;Credit Certificate on HP INC., DELL INC. and META PLATFORMS, INC.;META PLATFORMS, INC.;NASDAQ:META;Not specified;Not specified;Internet Services;Technology
CH1550424928;Certificato Express in EUR su Banco BPM, Davide Campari-Milano, Enel, Leonardo (BAMI, CPR, ENEL, LDO);ENEL SPA;BIT:ENEL;BIT;IT0003128367;Electric Utilities;Utilities
IT0005621674;Mediobanca Bonus Cap Engie SA (ENGI);Engie SA;EPA:ENGI;EPA;FR0010208488;Multi-Utilities;Utilities
NLBNPIT2HHH4;12 Premi Fissi Cash Collect Step Down 95% (Leonardo SpA, ERG SpA, Ferrari NV, Moncler SpA);Erg;BIT:ERG;BIT;IT0001157057;Renewable Energy;Utilities
NLBNPIT30333;Cash Collect Protection Booster (Enel, Leonardo, Snam, Moncler);Enel;BIT:ENEL;BIT;IT0003128367;Electric Utilities;Utilities
NLBNPIT30358;Cash Collect Protection Booster (A2A, Engie, Veolia, E.ON);Veolia Environnement SA;VIE;EPA;FR0000124141;Environmental Services;Utilities
NLBNPIT30358;Cash Collect Protection Booster (A2A, Engie, Veolia, E.ON);A2A SpA;A2A;BIT;IT0001233417;Electric Utilities;Utilities
NLBNPIT30358;Cash Collect Protection Booster (A2A, Engie, Veolia, E.ON);Engie SA;EPA:ENGI;EPA;FR0010208488;Multi-Utilities;Utilities
NLBNPIT30358;Cash Collect Protection Booster (A2A, Engie, Veolia, E.ON);E.ON SE;EOAN;XETRA;DE000ENAG999;Electric Utilities;Utilities
NLBNPIT304J2;12 Premi Fissi Cash Collect Step Down (Leonardo, Poste Italiane, Enel);Enel SpA;BIT:ENEL;BIT;IT0003128367;Electric Utilities;Utilities
NLBNPIT304K0;12 Premi Fissi Cash Collect Step Down (FCT, SRG, ERG, STMMI);Snam SpA;BIT:SRG;BIT;IT0003153415;Gas Utilities;Utilities
NLBNPIT304K0;12 Premi Fissi Cash Collect Step Down (FCT, SRG, ERG, STMMI);ERG SpA;BIT:ERG;BIT;IT0001157020;Renewable Energy;Utilities
NLBNPIT304L8;12 Premi Fissi Cash Collect Step Down (ENI, ENEL, RACE, ISP);Enel SpA;BIT:ENEL;BIT;IT0003128367;Electric Utilities;Utilities
NLBNPIT304P9;12 Premi Fissi Cash Collect Step Down (ENEL, ENR, ELE);Endesa SA;ELE;BME;ES0130670112;Electric Utilities;Utilities
NLBNPIT304P9;12 Premi Fissi Cash Collect Step Down (ENEL, ENR, ELE);Enel SpA;BIT:ENEL;BIT;IT0003128367;Electric Utilities;Utilities
NLBNPIT304W5;Memory Cash Collect Callable SX6E SX7E SX8E SXIE;EURO STOXX Utilities;SX6E;STOXX;EU0009658962;Utilities;Utilities
XS3312413696;Credit Certificate on LEONARDO S.P.A., ENI S.P.A., ENEL S.P.A.;ENEL S.P.A.;BIT:ENEL;BIT;IT0003128367;Electric Utilities;Utilities
IT0006773052;30m Wof Memory Phoenix Autocall on Nasdaq-100 Index, iShares MSCI Brazil ETF, iShares China Large-Cap ETF, EURO STOXX Banks Price EUR in EUR;iShares MSCI Brazil ETF;NYSEARCA:EWZ;NYSE Arca;US4642840076;Emerging Markets Equity;ETF
IT0006773052;30m Wof Memory Phoenix Autocall on Nasdaq-100 Index, iShares MSCI Brazil ETF, iShares China Large-Cap ETF, EURO STOXX Banks Price EUR in EUR;iShares China Large-Cap ETF;NYSEARCA:FXI;NYSE Arca;US4642871846;Emerging Markets Equity;ETF
IT0006773052;30m Wof Memory Phoenix Autocall on Nasdaq-100 Index, iShares MSCI Brazil ETF, iShares China Large-Cap ETF, EURO STOXX Banks Price EUR in EUR;EURO STOXX Banks Price EUR;STOXX:SX7E;STOXX Limited;EU0009658426;Financials;Index
IT0006775560;42m Wof Memory Phoenix Autocall on EURO STOXX Banks Price EUR, Nikkei 225, CAC 40, Nasdaq-100 Index in EUR;EURO STOXX Banks Price EUR;STOXX:SX7E;N/A;EU0009658426;Banking;Financials
IT0006775560;42m Wof Memory Phoenix Autocall on EURO STOXX Banks Price EUR, Nikkei 225, CAC 40, Nasdaq-100 Index in EUR;CAC 40;CAC;N/A;FR0003500008;Equity Index;Multi-Sector
IT0006775560;42m Wof Memory Phoenix Autocall on EURO STOXX Banks Price EUR, Nikkei 225, CAC 40, Nasdaq-100 Index in EUR;Nikkei 225;NKY;N/A;JP9010C00002;Equity Index;Multi-Sector
IT0006773052;30m Wof Memory Phoenix Autocall on Nasdaq-100 Index, iShares MSCI Brazil ETF, iShares China Large-Cap ETF, EURO STOXX Banks Price EUR in EUR;Nasdaq-100 Index;NVDA:NASDAQ;NASDAQ;US6311011026;Technology / Multi-sector;Index
IT0006775560;42m Wof Memory Phoenix Autocall on EURO STOXX Banks Price EUR, Nikkei 225, CAC 40, Nasdaq-100 Index in EUR;Nasdaq-100 Index;NDX;N/A;US6311011026;Equity Index;Technology
NLBNPIT305C4;Fast Cash Collect on Stellantis NV, Siemens Energy AG, Banco BPM SpA, STMicroelectronics NV;Stellantis NV;BIT:STLAM;BIT;NL00150001Q9;Automobiles;Consumer Discretionary
NLBNPIT305C4;Fast Cash Collect on Stellantis NV, Siemens Energy AG, Banco BPM SpA, STMicroelectronics NV;Siemens Energy AG;ETR:ENR;Xetra;DE000ENER6Y0;Electrical Equipment;Industrials
NLBNPIT305C4;Fast Cash Collect on Stellantis NV, Siemens Energy AG, Banco BPM SpA, STMicroelectronics NV;Banco BPM SpA;BIT:BAMI;BIT;IT0005218380;Banking;Financials
NLBNPIT305C4;Fast Cash Collect on Stellantis NV, Siemens Energy AG, Banco BPM SpA, STMicroelectronics NV;STMicroelectronics NV;EPA:STMPA;EPA;NL0000226223;Semiconductors;Information Technology
NLBNPIT305D2;Fast Cash Collect Memory Step Down on Intel Corp, Infineon Technologies AG, Micron Technology Inc;Intel Corp;NASDAQ:INTC;NASDAQ;US4581401001;Semiconductors;Technology
NLBNPIT305D2;Fast Cash Collect Memory Step Down on Intel Corp, Infineon Technologies AG, Micron Technology Inc;Infineon Technologies AG;ETR:IFX;XETRA;DE0006231004;Semiconductors;Technology
NLBNPIT305D2;Fast Cash Collect Memory Step Down on Intel Corp, Infineon Technologies AG, Micron Technology Inc;Micron Technology Inc;NASDAQ:MU;NASDAQ;US5951121038;Semiconductors;Technology
NLBNPIT305E0;Enjoy Cash Collect Memory Step Down;Intesa Sanpaolo SpA;BIT:ISP;BIT;IT0000072618;Banking;Financials
NLBNPIT305E0;Enjoy Cash Collect Memory Step Down;UniCredit SpA;BIT:UCG;BIT;IT0005239360;Banking;Financials
NLBNPIT305E0;Enjoy Cash Collect Memory Step Down;BPER Banca SPA;BIT:BPE;BIT;IT0000066123;Banking;Financials
NLBNPIT305H3;Enjoy Cash Collect Memory Step Down;Intesa Sanpaolo S.p.A.;BIT:ISP;BIT;IT0000072618;Banking;Financials
NLBNPIT305H3;Enjoy Cash Collect Memory Step Down;UniCredit S.p.A.;BIT:UCG;BIT;IT0005239360;Banking;Financials
NLBNPIT305H3;Enjoy Cash Collect Memory Step Down;Azimut Holding S.p.A.;BIT:AZM;BIT;IT0003261697;Asset Management;Financials
NLBNPIT305H3;Enjoy Cash Collect Memory Step Down;Banco BPM S.p.A.;BIT:BAMI;BIT;IT0005218380;Banking;Financials
NLBNPIT305I1;Enjoy Cash Collect Memory Step Down;Poste Italiane SpA;BIT:PST;BIT;IT0003796171;Postal and Logistics Services;Industrials
NLBNPIT305I1;Enjoy Cash Collect Memory Step Down;Assicurazioni Generali S.p.A.;BIT:G;BIT;IT0000062072;Insurance;Financials
NLBNPIT305I1;Enjoy Cash Collect Memory Step Down;Enel SpA;BIT:ENEL;BIT;IT0003128367;Electric Utilities;Utilities
NLBNPIT305I1;Enjoy Cash Collect Memory Step Down;Eni SpA;BIT:ENI;BIT;IT0003132476;Oil and Gas;Energy
NLBNPIT305L5;Enjoy Cash Collect Memory Step Down;BPER Banca S.p.A.;BIT:BPE;Borsa Italiana (Euronext Milan);IT0000066123;Banking;Financials
NLBNPIT305L5;Enjoy Cash Collect Memory Step Down;Societe Generale S.A.;EPA:GLE;EPA;FR0000130809;Banking;Financials
NLBNPIT305L5;Enjoy Cash Collect Memory Step Down;Barclays PLC;LON:BARC;LSE;GB0031348658;Banking;Financials
NLBNPIT305L5;Enjoy Cash Collect Memory Step Down;Banco Bilbao Vizcaya Argentaria S.A.;BME:BBVA;BME;ES0113211835;Banking;Financials
NLBNPIT305N1;Enjoy Cash Collect Memory Step Down;Meta Platforms, Inc.;NASDAQ:META;NASDAQ;US30303M1027;Internet Content and Information;Communication Services
NLBNPIT305N1;Enjoy Cash Collect Memory Step Down;Alphabet Inc. Class A;NASDAQ:GOOGL;NASDAQ;US02079K3059;Internet Content and Information;Communication Services
NLBNPIT305N1;Enjoy Cash Collect Memory Step Down;C3.ai, Inc.;NYSE:AI;NYSE;US12468P1049;Software;Technology
NLBNPIT305R2;Enjoy Cash Collect Memory Step Down;Burberry Group plc;LON:BRBY;LSE;GB0031743007;Apparel, Accessories and Luxury Goods;Consumer Discretionary
NLBNPIT305R2;Enjoy Cash Collect Memory Step Down;Kering SA;EPA:KER;EPA;FR0000121485;Apparel, Accessories and Luxury Goods;Consumer Discretionary
NLBNPIT305R2;Enjoy Cash Collect Memory Step Down;Moncler S.p.A.;BIT:MONC;Borsa Italiana (Euronext Milan);IT0004965148;Apparel, Accessories and Luxury Goods;Consumer Discretionary
NLBNPIT305R2;Enjoy Cash Collect Memory Step Down;Compagnie Financiere Richemont SA;SWX:CFR;SIX Swiss Exchange;CH0210483332;Apparel, Accessories and Luxury Goods;Consumer Discretionary
NLBNPIT305S0;Enjoy Cash Collect Memory Step Down;Intel Corp;NASDAQ:INTC;NASDAQ;US4581401001;Semiconductors;Technology
NLBNPIT305S0;Enjoy Cash Collect Memory Step Down;NVIDIA Corp;NASDAQ:NVDA;NASDAQ;US67066G1040;Semiconductors;Technology
NLBNPIT305S0;Enjoy Cash Collect Memory Step Down;Oracle Corp;NYSE:ORCL;NYSE;US68389X1054;Software;Technology
NLBNPIT305S0;Enjoy Cash Collect Memory Step Down;Broadcom Inc;NASDAQ:AVGO;NASDAQ;US11135F1012;Semiconductors;Technology
NLBNPIT305V4;Enjoy Cash Collect Memory Step Down on Planet Labs PBC, Intuitive Machines Inc, EchoStar Corp;Planet Labs PBC;NYSE:PL;NYSE;US72703X1063;Space and Satellite Technology;Technology
NLBNPIT305V4;Enjoy Cash Collect Memory Step Down on Planet Labs PBC, Intuitive Machines Inc, EchoStar Corp;Intuitive Machines Inc;NASDAQ:LUNR;NASDAQ;US46125A1007;Space and Satellite Technology;Industrials
NLBNPIT305V4;Enjoy Cash Collect Memory Step Down on Planet Labs PBC, Intuitive Machines Inc, EchoStar Corp;EchoStar Corp;NASDAQ:SATS;NASDAQ;US2787681061;Space and Satellite Technology;Communication Services
XS3396513379;100% Protected Cash Collect on Solactive BTP 10 Annual Comp. Yield;Solactive BTP 10 Annual Comp. Yield;SOITA10Y;N/A;N/A;Government Bonds;Finance
XS3396514187;100% Protected Cash Collect on Solactive BTP 10 Annual Comp. Yield Index;Solactive BTP 10 Annual Comp. Yield Index;SOITA10Y;N/A;N/A;Government Bonds;Finance
NLBNPIT30549;Fast Low Barrier Cash Collect on AST SpaceMobile, EchoStar Corp, Rocket Lab Corp;AST SpaceMobile Inc;NASDAQ:ASTS;NASDAQ;US00217D1000;Telecommunications;Communication Services
NLBNPIT30549;Fast Low Barrier Cash Collect on AST SpaceMobile, EchoStar Corp, Rocket Lab Corp;EchoStar Corp;NASDAQ:SATS;NASDAQ;US2787681061;Telecommunications;Communication Services
NLBNPIT30549;Fast Low Barrier Cash Collect on AST SpaceMobile, EchoStar Corp, Rocket Lab Corp;Rocket Lab Corp;NASDAQ:RKLB;NASDAQ;US7731211089;Aerospace and Defense;Industrials
IT0005717639;Phoenix Memory Airbag Step Down su Dell Technologies Inc., IonQ Inc. e D-Wave Quantum Inc. con scadenza 7 gennaio 2028;Dell Technologies Inc.;NYSE:DELL;NYSE;US24703L2025;Computer Hardware;Technology
IT0005717639;Phoenix Memory Airbag Step Down su Dell Technologies Inc., IonQ Inc. e D-Wave Quantum Inc. con scadenza 7 gennaio 2028;IonQ Inc.;NYSE:IONQ;NYSE;US46222L1089;Computer Hardware;Technology
IT0005717639;Phoenix Memory Airbag Step Down su Dell Technologies Inc., IonQ Inc. e D-Wave Quantum Inc. con scadenza 7 gennaio 2028;D-Wave Quantum Inc.;NYSE:QBTS;NYSE;US26740W1099;Computer Hardware;Technology
NLBNPIT30622;Fixed Cash Collect Step Down on SpaceX, Planet Labs, AST SpaceMobile (Worst Of);AST SpaceMobile Inc;NASDAQ:ASTS;NASDAQ;US00217D1000;Telecommunications;Communication Services
NLBNPIT30622;Fixed Cash Collect Step Down on SpaceX, Planet Labs, AST SpaceMobile (Worst Of);Planet Labs PBC;NYSE:PL;NYSE;US72703X1063;Aerospace and Defense;Industrials
NLBNPIT305Z5;Fixed Cash Collect on Space Exploration Technologies Corp;Space Exploration Technologies Corp;NASDAQ:SPCX;N/A;US84615Q1031;Aerospace and Defense;Industrials
NLBNPIT305X0;Cash Collect Memory Booster Protection Step Down on Space Exploration Technologies Corp (SpaceX);Space Exploration Technologies Corp (SpaceX);NASDAQ:SPCX;N/A;US84615Q1031;Aerospace and Defense;Industrials
NLBNPIT30614;Fixed Cash Collect Step Down on SpaceX and Tesla (Worst Of);Tesla, Inc.;NASDAQ:TSLA;NASDAQ;US88160R1014;Automobiles;Consumer Discretionary
